codigo;item;tipificacao;unidade;saldo_atual
1;ACCU-CHEK ACTIVE 50 TEST STRIPS;MEDICAÇÃO VETERINÁRIA;UNIDADE;0
2;ACELERADOR TK 65 U7667 EQUIPAMENTO DE UBV;PEÇA REPOSIÇÃO - UBV;UNIDADE;0
3;"ACEPRAN 0,1% ( ACEPROMAZINA)";MEDICAÇÃO VETERINÁRIA;UNIDADE;0
4;ACTYLO / FRIPONIL 1% CARRAPATICIDA DEP. DE 5 LITROS;MEDICAÇÃO VETERINÁRIA;UNIDADE;0
5;AFASTADOR FARABELF 10x120 mm;MAT / HOSP./VETERINÁRIO;UNIDADE;3
6;AFASTADOR FARABELF 15x150 mm;MAT / HOSP./VETERINÁRIO;UNIDADE;3
7;AFASTADOR FARABELF 10x150 mm;MAT / HOSP./VETERINÁRIO;UNIDADE;0
8;AGEMOX FRASCO DE 100 ML AMOXILINA TRI-HIDRATADA;MEDICAÇÃO VETERINÁRIA;UNIDADE;50
9;"ÁGUA SANITÁRIA 2 a 2,5% EBALAGEM COM 5 LITRO";HIGIENIZAÇÃO/LIMPESA;UNIDADE;41
10;"ÁGUA SANITÁRIA 2 a 2,5% EBALAGEM COM 1 LITRO";HIGIENIZAÇÃO/LIMPESA;LITRO;1
11;AGULHA HIPODÉRMICA PARA USO ÚNICO ESTÉRIL CAIXA COM 100 UNID. TAM. 30 mm x 0.8mm;LABORATÓRIO;CAIXAS;0
12;"AGULHA HIPODÉRMICA CAIXA COM 100 (TAM.30 mm X 0,8 mm";MAT / HOSP./VETERINÁRIO;UNIDADE;-1
13;"AGULHA HIPODÉRMICA DESCARTAVEL 25mm x 0,7mm CAIXA COM 100 UNIDADES";LABORATÓRIO;CAIXAS;-300
14;"AGULHA MULTIPLA PARA COLETA DE SANGUE A VACUO ESTÉRIO CX.COM 100 UNI. 25 x 0,70 mm";LABORATÓRIO;CAIXAS;13
15;ALÇA (ACM-6L ) PARA MANUTENÇÃO DOS EQUIPAMENTO DE UBV;MATERIAL PERMANENTE;UNIDADE;7
16;"ÁLCOOL ABSOLUTO a 99,8 % LITROS";LABORATÓRIO;LITRO;58
17;ÁLCOOL GEL ANTSÉPTICO 70 % DEPOSITO DE 5 LITRO;LABORATÓRIO;UNIDADE;0
18;ÁLCOOL ETÍLICO a 70% DEPOSITO DE 5 LITRO;LABORATÓRIO;UNIDADE;0
19;ÁLCOOL ETÍLICO a 70% LITRO;LABORATÓRIO;LITRO;384
20;ALGODÃO HIDRÓFILO PACOTE COM 100 gm EM BOLINHAS;LABORATÓRIO;PACOTES;9
21;ALGODÃO HIDRÓFILO COM 250 gm;LABORATÓRIO;UNIDADE;27
22;ALGODÃO HIDRÓFILO COM 500 gm;LABORATÓRIO;UNIDADE;39
23;ALMOFADA PARA CARIMBO;MATERIAL PERMANENTE;UNIDADE;0
24;AMOXILIM;MEDICAÇÃO VETERINÁRIA;UNIDADE;0
25;"APONTADOR DE FERRO PARA LÁPIS GRAFHIT CORPO PLÁSTICO LÂMINA TEMPERADA MINIMO 3,0 X 1,5 cm";EXPEDIENTE;UNIDADE;838
26;APROMAZIN 1% PRÉ - ANESTÉSICO FRASCO DE 20 ML.;MEDICAÇÃO VETERINÁRIA;UNIDADE;0
27;ARAME GALVANIZADO Nº18 EM Kg.;EXPEDIENTE;ROLO;0
28;ARMADILHA DE OVITRAMP;LABORATÓRIO;UNIDADE;9545
29;ARMADILHA DE FLEBOTOMÍNIO;MATERIAL PERMANENTE;UNIDADE;13
30;"ARRUELA ONDUL. OINT..10,5mm PARA MANUTENÇÃO DE EQUIPAMENTO UBV";E.P.I.;UNIDADE;57
31;ATADURA TIPO CREPON EM TECIDO DE ALGODÃO PACOTE COM 12 UNIDADES;LABORATÓRIO;UNIDADE;-36
32;"AVENTAL DESCARTAVEL COM MANGA GRAMATURA (40,60,70,80 )TAM. DIFERENTES.";E.P.I.;UNIDADE;290
33;AVENTAL DESCARTAVEL COM MANGA CURTA TAM. UNICO;E.P.I.;UNIDADE;21
34;AVENTAL DESCARTAVEL COM MANGA LONGA KIT (TOUCA PRO-PÉ ) TAM. UNICO;E.P.I.;UNIDADE;20
35;AVENTAL DESCARTAVEL 100% PROPILENO PCT. COM 10;LABORATÓRIO;UNIDADE;85
36;ABAIXADORES DE MADEIRA PARA LINGUA;LABORATÓRIO;UNIDADE;100
37;ABRAÇADEIRA DE NYLON PRETA DE UV - 100 X 2.5MM;EXPEDIENTE;UNIDADE;12
38;APAGADOR DE QUADRO BRANCO;EXPEDIENTE;UNIDADE;10
39;ALFINETES;EXPEDIENTE;UNIDADE;550
40;ATADURAS UNITEX + ORTOFLEX;LABORATÓRIO;UNIDADE;133
41;ARCO DE SERRA FINA;EQUIPAMENTO;UNIDADE;1
42;BANDEJA DE ALUMINIO REDONDA DE 30 CM.;LABORATÓRIO;UNIDADE;10
43;BANDEJA DE ALUMINIO REDONDA DE 35 CM.;LABORATÓRIO;UNIDADE;0
44;BALDE EM PLÁSTICO COM ALÇA CAPACIDADE PARA 20 LITROS;HIGIENIZAÇÃO/LIMPESA;UNIDADE;4
45;BACIA PLÁSTICA DE 30 cm x 30 cm;EXPEDIENTE;UNIDADE;1173
46;BACIA DE ALUMINIO GRANDE PARA RAÇÃO ANIMAL;EXPEDIENTE;UNIDADE;1
47;BACIA DE ALUMINIO MÉDIA PARA RAÇÃO DE ANIMAL;EXPEDIENTE;UNIDADE;40
48;BACIA PLÁSTICA DE 15 cm UNIDADES;EXPEDIENTE;UNIDADE;1392
49;BALANÇA DIGITAL PORTÁTIL ( 40kg);MATERIAL PERMANENTE;UNIDADE;0
50;BALDE DE LIXO 10 LITROS COM PEDAL;HIGIENIZAÇÃO/LIMPESA;UNIDADE;-1
51;BALDE EM ALUMINIO CAP. 5 LITROS PARA MESAS CIRURGICAS;LABORATÓRIO;UNIDADE;0
52;BALDE EM PLÁSTICO COM ALÇA CAPACIDADE PARA 10 LITROS;HIGIENIZAÇÃO/LIMPESA;UNIDADE;5
53;BANDEIRA DA VACINA ANTIRRÁBICA;EXPEDIENTE;UNIDADE;103
54;BANDEIRA EM TECIDO COR AMARELA SUPORTE NA BASE (FA);EXPEDIENTE;UNIDADE;725
55;BARBANTE DE ALGODÃO (RÔLO COM 184 M );EXPEDIENTE;UNIDADE;2
56;BANDEJA CIRURGICA INOX - 40X20 X2;;;1
57;BANDEJA INOX P/ PROCEDIMENTOS MÉDICOS PIERCIN 24X11X2;MAT / HOSPITALAR;UNIDADE;14
58;BANDEJA INOX P/ PROCEDIMENTOS MÉDICOS PIERCIN 20X9X2;MAT / HOSPITALAR;UNIDADE;1
59;BANDEJA INOX P/ PROCEDIMENTOS MÉDICOS PIERCIN 24X14X2;MAT / HOSPITALAR;UNIDADE;1
60;BARBANTE DE PLÁSTICO PRETO (RÔLO );EXPEDIENTE;UNIDADE;3
61;BARBANTE FINO DE SISAL ( RÔLO );EXPEDIENTE;UNIDADE;0
62;"BASTÃO DE COLA QUENTE GRANDE 11,2mmx300mm PACOTE COM 1kg";EXPEDIENTE;KG;0
63;BATA AZUL CLARO MANGA LONGA FEMININA TAM - P;FARDAMENTO;UNIDADE;1
64;BATA AZUL CLARO MANGA LONGA FEMININA TAM - M;FARDAMENTO;UNIDADE;31
65;BATA AZUL CLARO MANGA LONGA FEMININA TAM - G;FARDAMENTO;UNIDADE;0
66;BATA AZUL CLARO MANGA LONGA FEMININA TAM - GG;FARDAMENTO;UNIDADE;0
67;BATA BRANCA MANGA LONGA LABORATÓRIO TAM . P;FARDAMENTO;UNIDADE;7
68;BATA BRANCA MANGA LONGA LABORATÓRIO TAM . M;FARDAMENTO;UNIDADE;22
69;BATA BRANCA MANGA LONGA LABORATÓRIO TAM . G;FARDAMENTO;UNIDADE;0
70;BATA BRANCA MANGA LONGA LABORATÓRIO TAM . GG;FARDAMENTO;UNIDADE;11
71;BATA MCROFIBRA COR VERDE MANGA LONGA TAM - G;FARDAMENTO;UNIDADE;6
72;BATA MCROFIBRA COR VERDE MANGA LONGA TAM - GG;FARDAMENTO;UNIDADE;12
73;BATA MCROFIBRA COR VERDE MANGA LONGA TAM - XG;FARDAMENTO;UNIDADE;0
74;BATA BRANCA MANGA CURTA 3 BOLSO SINPLES TAM . G;FARDAMENTO;UNIDADE;0
75;BATA BRANCA MANGA CURTA 3 BOLSO SINPLES TAM . GG;FARDAMENTO;UNIDADE;0
76;BATA BRANCA MANGA CURTA 3 BOLSO SINPLES TAM . M;ESPEDIENTE;UNIDADE;-2
77;BATA BRANCA MANGA CURTA 3 BOLSO SINPLES TAM . P;ESPEDIENTE;UNIDADE;1
78;"BATA EM MICROFIBRA NA COR BRANCA MANGA LONGA BOLSO E LOGO TIPO DA SMS e CCZ,TAM - P";EXPEDIENTE;UNIDADE;4
79;"BATA EM MICROFIBRA NA COR BRANCA MANGA LONGA BOLSO E LOGO TIPO DA SMS e CCZ,TAM - M";EXPEDIENTE;UNIDADE;0
80;"BATA EM MICROFIBRA NA COR BRANCA MANGA LONGA BOLSO E LOGO TIPO DA SMS e CCZ,TAM - G";EXPEDIENTE;UNIDADE;0
81;"BATA EM MICROFIBRA NA COR BRANCA MANGA LONGA BOLSO E LOGO TIPO DA SMS e CCZ,TAM - GG";FARDAMENTO;UNIDADE;0
82;"BATA EM MICROFIBRA NA COR BRANCA MANGA LONGA BOLSO E LOGO TIPO DA SMS e CCZ,TAM - XG";FARDAMENTO;UNIDADE;0
83;BATERIA DE 9 VOLTS MARCA ELGIN QUADRADAS;EXPEDIENTE;UNIDADE;0
84;BATERIA 9 VOLTS ALCALINA;EXPEDIENTE;UNIDADE;0
85;BATERIA CHUMBO ÁCIDO REGULADA POR (VRLA) (6V 12Ah);MATERIAL PERMANENTE;UNIDADE;0
86;BATERIA LR 44 DE 1.5 VOLTS PARA CAIXA TÉRMICA EM UNIDADES;EXPEDIENTE;UNIDADE;3096
87;BAÚ PARA MOTO CAPACIDADE 100 LITROS. MARCA STILL GLASS;MATERIAL PERMANENTE;UNIDADE;3
88;"BEXIGA, CORES VARIADAS, TAMANHO 65, TIPO IMPERIAL COM 50 UNIDADES";ESPEDIENTE;UNIDADE;72
89;BECKER;LABORATÓRIO;UNIDADE;0
90;BIONGO INOX COM PANO DE PROTEÇÃO;MATERIAL PERMANENTE;UNIDADE;0
91;BOLÇA DE LONA DA COR AMARELA COM 3 COMPARTIMENTOS E ALÇA;FARDAMENTO;UNIDADE;316
92;BOMBA DE CONBUSTIVEL KAWASAKI (TK65) PARA MANUTENÇÃO DE EQUIPAMENTO UBV;MATERIAL PERMANENTE;UNIDADE;26
93;BONÉ ARABE BICO DE PATO COR CAQUE;FARDAMENTO;UNIDADE;-509
94;BONE BICO DE PATO BRANCO CAMPANHA ANTIRRÁBICA;EPI;UNIDADE;431
95;BORRACHA BRANCA TIPO PONTEIRA PARA LÁPIS GRAFHIT;EXPEDIENTE;UNIDADE;1089
96;BORRACHA DE LATÉXP/GARROTE - 6 mm DIÂMETRO EM METROS;LABORATÓRIO;METROS;10
97;"BORRACHA PLÁSTICA EM PVC, BRANCA DE APAGAR GRAFHIT, MACIA, TAM. MÉDIO COM PROTETOR, MEDINDO 5x2,2x1, FAB. NACIONAL";ESPEDIENTE;UNIDADE;0
98;BORRACHA BICOLOR;EXPEDIENTE;UNIDADE;34
99;BOTA DE BORRACHA SETE LEQUAS CANO MÉDIO PRETA Nº 35;FARDAMENTO;UNIDADE;0
100;BOTA DE BORRACHA SETE LEQUAS CANO MÉDIO PRETA Nº 36;FARDAMENTO;UNIDADE;1
101;BOTA DE BORRACHA SETE LEQUAS CANO MÉDIO PRETA Nº 37;FARDAMENTO;UNIDADE;0
102;BOTA DE BORRACHA SETE LEQUAS CANO MÉDIO PRETA Nº 38;FARDAMENTO;UNIDADE;2
103;BOTA DE BORRACHA SETE LEQUAS CANO MÉDIO PRETA Nº 39;FARDAMENTO;UNIDADE;0
104;BOTA DE BORRACHA SETE LEQUAS CANO MÉDIO PRETA Nº 40;FARDAMENTO;UNIDADE;0
105;BOTA DE BORRACHA SETE LEQUAS CANO MÉDIO PRETA Nº 41;FARDAMENTO;UNIDADE;0
106;BOTA DE BORRACHA SETE LEQUAS CANO MÉDIO PRETA Nº 42;FARDAMENTO;UNIDADE;5
107;BOTA DE BORRACHA SETE LEQUAS CANO MÉDIO PRETA Nº 43;FARDAMENTO;UNIDADE;3
108;BOTA DE BORRACHA SETE LEQUAS CANO MÉDIO PRETA Nº 44;FARDAMENTO;UNIDADE;0
109;BOTA DE BORRACHA SETE LEQUAS CANO MÉDIO PRETA Nº 45;FARDAMENTO;UNIDADE;0
110;BOTA DE BORRACHA SETE LEQUAS CANO MÉDIO PRETA Nº 46;FARDAMENTO;UNIDADE;0
111;BOTA DE BORRACHA SETE LEQUAS CANO CURTO PRETA Nº 35;FARDAMENTO;UNIDADE;0
112;BOTA DE BORRACHA SETE LEQUAS CANO CURTO PRETA Nº 36;FARDAMENTO;UNIDADE;1
113;BOTA DE BORRACHA SETE LEQUAS CANO CURTO PRETA Nº 37;FARDAMENTO;UNIDADE;0
114;BOTA DE BORRACHA SETE LEQUAS CANO CURTO PRETA Nº 38;FARDAMENTO;UNIDADE;5
115;BOTA DE BORRACHA SETE LEQUAS CANO CURTO PRETA Nº 39;FARDAMENTO;UNIDADE;7
116;BOTA DE BORRACHA SETE LEQUAS CANO CURTO PRETA Nº 40;FARDAMENTO;UNIDADE;6
117;BOTA DE BORRACHA SETE LEQUAS CANO CURTO PRETA Nº 41;FARDAMENTO;UNIDADE;6
118;BOTA DE BORRACHA SETE LEQUAS CANO CURTO PRETA Nº 42;FARDAMENTO;UNIDADE;12
119;BOTA DE BORRACHA SETE LEQUAS CANO CURTO PRETA Nº 43;FARDAMENTO;UNIDADE;5
120;BOTA DE BORRACHA SETE LEQUAS CANO CURTO PRETA Nº 44;FARDAMENTO;UNIDADE;2
121;BOTA DE BORRACHA SETE LEQUAS CANO CURTO PRETA Nº 45;FARDAMENTO;UNIDADE;0
122;BOTA DE BORRACHA SETE LEQUAS CANO CURTO PRETA Nº 46;FARDAMENTO;UNIDADE;1
123;BOTA DE BORRACHA SETE LEQUAS CANO LONGO PRETA Nº 36;FARDAMENTO;UNIDADE;0
124;BOTA DE BORRACHA SETE LEQUAS CANO LONGO PRETA Nº 37;FARDAMENTO;UNIDADE;0
125;BOTA DE BORRACHA SETE LEQUAS CANO LONGO PRETA Nº 38;FARDAMENTO;UNIDADE;0
126;BOTA DE BORRACHA SETE LEQUAS CANO LONGO PRETA Nº 39;FARDAMENTO;UNIDADE;4
127;BOTA DE BORRACHA SETE LEQUAS CANO LONGO PRETA Nº 40;FARDAMENTO;UNIDADE;-2
128;BOTA DE BORRACHA SETE LEQUAS CANO LONGO PRETA Nº 41;FARDAMENTO;UNIDADE;4
129;BOTA DE BORRACHA SETE LEQUAS CANO LONGO PRETA Nº 42;FARDAMENTO;UNIDADE;5
130;BOTA DE BORRACHA SETE LEQUAS CANO LONGO PRETA Nº 43;FARDAMENTO;UNIDADE;5
131;BOTA DE BORRACHA SETE LEQUAS CANO LONGO PRETA Nº 44;FARDAMENTO;UNIDADE;0
132;BOTA DE BORRACHA SETE LEQUAS CANO LONGO PRETA Nº 45;FARDAMENTO;UNIDADE;0
133;BOTA DE BORRACHA SETE LEQUAS CANO LONGO PRETA Nº 46;FARDAMENTO;UNIDADE;0
134;BOTA DE BORRACHA SETE LÉQUAS CANO MÉDIO BRANCA Nº 35;FARDAMENTO;UNIDADE;0
135;BOTA DE BORRACHA SETE LÉQUAS CANO MÉDIO BRANCA Nº 36;FARDAMENTO;UNIDADE;0
136;BOTA DE BORRACHA SETE LÉQUAS CANO MÉDIO BRANCA Nº 37;FARDAMENTO;UNIDADE;3
137;BOTA DE BORRACHA SETE LÉQUAS CANO MÉDIO BRANCA Nº 38;FARDAMENTO;UNIDADE;0
138;BOTA DE BORRACHA SETE LÉQUAS CANO MÉDIO BRANCA Nº 39;FARDAMENTO;UNIDADE;0
139;BOTA DE BORRACHA SETE LÉQUAS CANO MÉDIO BRANCA Nº 40;FARDAMENTO;UNIDADE;0
140;BOTA DE BORRACHA SETE LÉQUAS CANO MÉDIO BRANCA Nº 41;FARDAMENTO;UNIDADE;0
141;BOTA DE BORRACHA SETE LÉQUAS CANO MÉDIO BRANCA Nº 42;FARDAMENTO;UNIDADE;0
142;BOTA DE BORRACHA SETE LÉQUAS CANO MÉDIO BRANCA Nº 43;FARDAMENTO;UNIDADE;0
143;BOTA DE BORRACHA SETE LÉQUAS CANO MÉDIO BRANCA Nº 44;FARDAMENTO;UNIDADE;0
144;BOTA DE BORRACHA SETE LÉQUAS CANO MÉDIO BRANCA Nº 45;FARDAMENTO;UNIDADE;0
145;BOTA DE BORRACHA SETE LÉQUAS CANO MÉDIO BRANCA Nº 46;FARDAMENTO;UNIDADE;0
146;BOTA DE BORRACHA SETE LEQUAS CANO CURTO BRANCA Nº 35;FARDAMENTO;UNIDADE;11
147;BOTA DE BORRACHA SETE LEQUAS CANO CURTO BRANCA Nº 36;FARDAMENTO;UNIDADE;11
148;BOTA DE BORRACHA SETE LEQUAS CANO CURTO BRANCA Nº 37;FARDAMENTO;UNIDADE;21
149;BOTA DE BORRACHA SETE LEQUAS CANO CURTO BRANCA Nº 38;FARDAMENTO;UNIDADE;21
150;BOTA DE BORRACHA SETE LEQUAS CANO CURTO BRANCA Nº 39;FARDAMENTO;UNIDADE;17
151;BOTA DE BORRACHA SETE LEQUAS CANO CURTO BRANCA Nº 40;FARDAMENTO;UNIDADE;25
152;BOTA DE BORRACHA SETE LEQUAS CANO CURTO BRANCA Nº 41;FARDAMENTO;UNIDADE;16
153;BOTA DE BORRACHA SETE LEQUAS CANO CURTO BRANCA Nº 42;FARDAMENTO;UNIDADE;42
154;BOTA DE BORRACHA SETE LEQUAS CANO CURTO BRANCA Nº 43;FARDAMENTO;UNIDADE;10
155;BOTA DE BORRACHA SETE LEQUAS CANO CURTO BRANCA Nº 44;FARDAMENTO;UNIDADE;-1
156;BOTA DE BORRACHA SETE LEQUAS CANO CURTO BRANCA Nº 45;FARDAMENTO;UNIDADE;11
157;BOTA DE BORRACHA SETE LEQUAS CANO CURTO BRANCA Nº 46;FARDAMENTO;UNIDADE;1
158;BOTA DE BORRACHA SETE LEQUAS CANO LONGO BRANCA Nº 35;FARDAMENTO;UNIDADE;0
159;BOTA DE BORRACHA SETE LEQUAS CANO LONGO BRANCA Nº 36;FARDAMENTO;UNIDADE;0
160;BOTA DE BORRACHA SETE LEQUAS CANO LONGO BRANCA Nº 37;FARDAMENTO;UNIDADE;4
161;BOTA DE BORRACHA SETE LEQUAS CANO LONGO BRANCA Nº 38;FARDAMENTO;UNIDADE;0
162;BOTA DE BORRACHA SETE LEQUAS CANO LONGO BRANCA Nº 39;FARDAMENTO;UNIDADE;4
163;BOTA DE BORRACHA SETE LEQUAS CANO LONGO BRANCA Nº 40;FARDAMENTO;UNIDADE;11
164;BOTA DE BORRACHA SETE LEQUAS CANO LONGO BRANCA Nº 41;FARDAMENTO;UNIDADE;11
165;BOTA DE BORRACHA SETE LEQUAS CANO LONGO BRANCA Nº 42;FARDAMENTO;UNIDADE;7
166;BOTA DE BORRACHA SETE LEQUAS CANO LONGO BRANCA Nº 43;FARDAMENTO;UNIDADE;1
167;BOTA DE BORRACHA SETE LEQUAS CANO LONGO BRANCA Nº 44;FARDAMENTO;UNIDADE;0
168;BOTA DE BORRACHA SETE LEQUAS CANO LONGO BRANCA Nº 45;FARDAMENTO;UNIDADE;2
169;BOTA DE BORRACHA SETE LEQUAS CANO LONGO BRANCA Nº 46;FARDAMENTO;UNIDADE;0
170;BOTA DE BORRACHA COM PROTEÇÃO ATE A VIRILHA TAM - Nº 36;E.P.I.;UNIDADE;1
171;BOTA DE BORRACHA COM PROTEÇÃO ATE A VIRILHA TAM - Nº 38;E.P.I.;UNIDADE;0
172;BOTA DE BORRACHA COM PROTEÇÃO ATE A VIRILHA TAM - Nº 42;E.P.I.;UNIDADE;5
173;BOTA DE BORRACHA COM PROTEÇÃO ATE A VIRILHA TAM - Nº 43;E.P.I.;UNIDADE;3
174;BOTA DE PROTEÇÃO INDIVIDUAL PARA MOTOQUEIRO Nº 37;E.P.I.;UNIDADE;0
175;BOTA DE PROTEÇÃO INDIVIDUAL PARA MOTOQUEIRO Nº 38;E.P.I.;UNIDADE;6
176;BOTA DE PROTEÇÃO INDIVIDUAL PARA MOTOQUEIRO Nº 39;E.P.I.;UNIDADE;0
177;BOTA DE PROTEÇÃO INDIVIDUAL PARA MOTOQUEIRO Nº 40;E.P.I.;UNIDADE;0
178;BOTA DE PROTEÇÃO INDIVIDUAL PARA MOTOQUEIRO Nº 41;E.P.I.;UNIDADE;0
179;BOTA DE PROTEÇÃO INDIVIDUAL PARA MOTOQUEIRO Nº 42;E.P.I.;UNIDADE;4
180;BOTA DE PROTEÇÃO INDIVIDUAL PARA MOTOQUEIRO Nº 43;E.P.I.;UNIDADE;8
181;BOTA DE PROTEÇÃO INDIVIDUAL PARA MOTOQUEIRO Nº 44;E.P.I.;UNIDADE;2
182;BOTA DE PROTEÇÃO INDIVIDUAL PARA MOTOQUEIRO Nº 45;E.P.I.;UNIDADE;0
183;BOTINA DE SEGURANÇA MASC. TOP-PLUS Nº 33;FARDAMENTO;UNIDADE;3
184;BOTINA DE SEGURANÇA MASC. TOP-PLUS Nº 34;FARDAMENTO;UNIDADE;13
185;BOTINA DE SEGURANÇA MASC. TOP-PLUS Nº 35;FARDAMENTO;UNIDADE;33
186;BOTINA DE SEGURANÇA MASC. TOP-PLUS Nº 36;FARDAMENTO;UNIDADE;54
187;BOTINA DE SEGURANÇA MASC. TOP-PLUS Nº 37;FARDAMENTO;UNIDADE;44
188;BOTINA DE SEGURANÇA MASC. TOP-PLUS Nº 38;FARDAMENTO;UNIDADE;49
189;BOTINA DE SEGURANÇA MASC. TOP-PLUS Nº 39;FARDAMENTO;UNIDADE;42
190;BOTINA DE SEGURANÇA MASC. TOP-PLUS Nº 40;FARDAMENTO;UNIDADE;85
191;BOTINA DE SEGURANÇA MASC. TOP-PLUS Nº 41;FARDAMENTO;UNIDADE;75
192;BOTINA DE SEGURANÇA MASC. TOP-PLUS Nº 42;FARDAMENTO;UNIDADE;70
193;BOTINA DE SEGURANÇA MASC. TOP-PLUS Nº 43;FARDAMENTO;UNIDADE;21
194;BOTINA DE SEGURANÇA MASC. TOP-PLUS Nº 44;FARDAMENTO;UNIDADE;13
195;BOTINA DE SEGURANÇA MASC. TOP-PLUS Nº 45;FARDAMENTO;UNIDADE;3
196;BOTINA DE SEGURANÇA MASC. TOP-PLUS Nº 46;FARDAMENTO;UNIDADE;5
197;BOTINA DE SEGURANÇA MASC. TOP-PLUS Nº 47;FARDAMENTO;UNIDADE;1
198;BRAÇADEIRA PARA INJEÇÃO EM INOX MARCA MOVEIS JB/BRCS3P ( TOMBO Nº 116.193.783 );MATERIAL PERMANENTE;UNIDADE;0
199;CABO 4 PARA BISTURI 14cm LÂMINA 20/24 Nº3;MAT / HOSP./VETERINÁRIO;UNIDADE;13
200;CABO DO ACELERADOR KAWASAKI (TK65) CHICOTE LONGO PARA MAN. EQUIPAMENTO DE UBV;PEÇAS DE REPOSIÇÃO;UNIDADE;9
201;CABO DO ACELERADOR KAWASAKI (TK65) CURTO EM L PARA MAN. EQUIPAMENTO DE UBV;PEÇAS DE REPOSIÇÃO;UNIDADE;19
202;CADERNO CAPA DURA COM FÔLHAS NUMERADAS DE 1/100 (PROTOCOLO);EXPEDIENTE;UNIDADE;13
203;CADERNO DE ATA CAPA DURA COM FÔLHAS NUMERADAS DE 300 mm x 217 mm COM 100 FÔLHAS;EXPEDIENTE;UNIDADE;178
204;"CADERNO GRANDE CAPA DURA COM FÔLHAS PAUTADAS, ESPIRAL FORMATO 200 x 275 mm 200 FOLHAS";EXPEDIENTE;UNIDADE;137
205;CAIXA DE TRANSPORTE ANIMAL EM PLÁSTICO CAPACIDADE ATÉ 12 KG. COM TRAVA DE SEGURANÇA.;MAT / HOSP./VETERINÁRIO;UNIDADE;9
206;CAIXA COLETORA DE MATERIAL PERFUROCORTANTE CAP/ PARA 13 LITROS CX.COM 20 UNIDADES;LABORATÓRIO;CAIXAS;150
207;CAIXA COLETORA DE MATERIAL PERFUROCORTANTE CAP/ PARA 7 LITROS CX.COM 20 UNIDADES;LABORATÓRIO;CAIXAS;-34
208;CAIXA COLETORA DE MATERIAL PERFUROCORTANTE CAP/ PARA 7 LITROS CX.COM 20 UNIDADES;LABORATÓRIO;CAIXAS;0
209;CAIXA COLETORA DE MATERIAL PERFUROCORTANTE - DESCARPACK CAP/ PARA 20 LITROS CX.COM 20 UNIDADES;LABORATÓRIO;UNIDADE;41
210;CAIXA DE ACRILICO PARA TRANSPORTE DE ANIMAIS PEÇONHENTOS;LABORATÓRIO;UNIDADE;0
211;CAIXA TÉRMICA DE 12.0 LITROS COR AZUL;EXPEDIENTE;UNIDADE;0
212;"CAIXA TÉRMICA DE 15,1 LITROS COR VERMELHA";EXPEDIENTE;UNIDADE;-2
213;CALÇA POLIESTER NA COR AZULCOM FITA AFIXADA NA LATERAL Nº 40;E. P. I.;UNIDADE;153
214;CALÇA POLIESTER NA COR AZULCOM FITA AFIXADA NA LATERAL Nº 38;E. P. I.;UNIDADE;36
215;CALÇA POLIESTER NA COR AZULCOM FITA AFIXADA NA LATERAL Nº 36;E. P. I.;UNIDADE;29
216;"CAIXA TÉRMICA DE 28,4 LITROS COR VERMELHA";EXPEDIENTE;UNIDADE;167
217;CALÇA CAQUI TAMANHO G;FARDAMENTO;UNIDADE;12
218;CALÇA CAQUI TAMANHO M;FARDAMENTO;UNIDADE;14
219;CALÇA EM POLI - BRIM / POLIESTER NA COR AZUL Nº 36 ( COM ELÁSTICO ) ACE;FARDAMENTO;UNIDADE;19
220;CALÇA EM POLI - BRIM / POLIESTER NA COR AZUL Nº 38 ( COM ELÁSTICO ) ACE;FARDAMENTO;UNIDADE;9
221;CALÇA EM POLI - BRIM / POLIESTER NA COR AZUL Nº 40 ( COM ELÁSTICO ) ACE;FARDAMENTO;UNIDADE;-2
222;CALÇA EM POLI - BRIM / POLIESTER NA COR AZUL Nº 42 ( COM ELÁSTICO ) ACE;FARDAMENTO;UNIDADE;70
223;CALÇA EM POLI - BRIM / POLIESTER NA COR AZUL Nº 44 ( COM ELÁSTICO ) ACE;FARDAMENTO;UNIDADE;113
224;CALÇA EM POLI - BRIM / POLIESTER NA COR AZUL Nº 46 ( COM ELÁSTICO ) ACE;FARDAMENTO;UNIDADE;67
225;CALÇA EM POLI - BRIM / POLIESTER NA COR AZUL Nº 48 ( COM ELÁSTICO ) ACE;FARDAMENTO;UNIDADE;29
226;CALÇA EM POLI - BRIM / POLIESTER NA COR AZUL Nº 50 ( COM ELÁSTICO ) ACE;FARDAMENTO;UNIDADE;0
227;CALÇA EM POLI - BRIM / POLIESTER NA COR AZUL Nº 52 ( COM ELÁSTICO ) ACE;FARDAMENTO;UNIDADE;5
228;CALÇA EM POLI - BRIM / POLIESTER NA COR AZUL Nº 54 ( COM ELÁSTICO ) ACE;FARDAMENTO;UNIDADE;5
229;CALÇA EM POLI - BRIM / POLIESTER NA COR AZUL Nº 56 ( COM ELÁSTICO ) ACE;FARDAMENTO;UNIDADE;11
230;CALÇA EM POLI - BRIM / POLIESTER NA COR AZUL Nº 58 ( COM ELÁSTICO ) ACE;FARDAMENTO;UNIDADE;7
231;CALÇA EM POLI - BRIM / POLIESTER NA COR AZUL Nº 60 ( COM ELÁSTICO ) ACE;FARDAMENTO;UNIDADE;8
232;CALÇA JEANS AZUL MARINHO DE ALGODÃO Nº 36;FARDAMENTO;UNIDADE;5
233;CALÇA JEANS AZUL MARINHO DE ALGODÃO Nº 38;FARDAMENTO;UNIDADE;23
234;CALÇA JEANS AZUL MARINHO DE ALGODÃO Nº 40;FARDAMENTO;UNIDADE;33
235;CALÇA JEANS AZUL MARINHO DE ALGODÃO Nº 42;FARDAMENTO;UNIDADE;40
236;CALÇA JEANS AZUL MARINHO DE ALGODÃO Nº 44;FARDAMENTO;UNIDADE;2
237;CALÇA JEANS AZUL MARINHO DE ALGODÃO Nº 46;FARDAMENTO;UNIDADE;0
238;CALÇA JEANS AZUL MARINHO DE ALGODÃO Nº 48;FARDAMENTO;UNIDADE;-1
239;CALÇA JEANS AZUL MARINHO DE ALGODÃO Nº 50;FARDAMENTO;UNIDADE;0
240;CALÇA JEANS AZUL MARINHO DE ALGODÃO Nº 52;FARDAMENTO;UNIDADE;0
241;CALÇA JEANS AZUL MARINHO DE ALGODÃO Nº 54;FARDAMENTO;UNIDADE;0
242;CALÇA JEANS AZUL MARINHO DE ALGODÃO Nº 56;FARDAMENTO;UNIDADE;2
243;CALÇA JEANS AZUL MARINHO DE ALGODÃO Nº 58;FARDAMENTO;UNIDADE;0
244;CALÇA RIPSTOP NATAL FEMININA - (34);FARDAMENTO;UNIDADE;3
245;CALÇA RIPSTOP NATAL FEMININA - (36);FARDAMENTO;UNIDADE;20
246;CALÇA RIPSTOP NATAL FEMININA - (38);FARDAMENTO;UNIDADE;42
247;CALÇA RIPSTOP NATAL FEMININA - (40);FARDAMENTO;UNIDADE;38
248;CALÇA RIPSTOP NATAL FEMININA - (42);FARDAMENTO;UNIDADE;0
249;CALÇA RIPSTOP NATAL FEMININA - (44);FARDAMENTO;UNIDADE;12
250;CALÇA RIPSTOP NATAL FEMININA - (46);FARDAMENTO;UNIDADE;0
251;CALÇA RIPSTOP NATAL FEMININA - (48);FARDAMENTO;UNIDADE;0
252;CALÇA RIPSTOP NATAL FEMININA - (50);FARDAMENTO;UNIDADE;1
253;CALÇA RIPSTOP NATAL FEMININA - (52);FARDAMENTO;UNIDADE;0
254;CALÇA RIPSTOP NATAL MASCULINA- (36);FARDAMENTO;UNIDADE;37
255;CALÇA RIPSTOP NATAL MASCULINA - (38);FARDAMENTO;UNIDADE;110
256;CALÇA RIPSTOP NATAL MASCULINA - (40);FARDAMENTO;UNIDADE;136
257;CALÇA RIPSTOP NATAL MASCULINA - (42);FARDAMENTO;UNIDADE;497
258;CALÇA RIPSTOP NATAL MASCULINA - (44);FARDAMENTO;UNIDADE;340
259;CALÇA RIPSTOP NATAL MASCULINA - (46);FARDAMENTO;UNIDADE;197
260;CALÇA RIPSTOP NATAL MASCULINA - (48);FARDAMENTO;UNIDADE;100
261;CALÇA RIPSTOP NATAL MASCULINA - (50);FARDAMENTO;UNIDADE;60
262;CALÇA RIPSTOP NATAL MASCULINA - (52);FARDAMENTO;UNIDADE;41
263;CALÇA RIPSTOP NATAL MASCULINA - (54);FARDAMENTO;UNIDADE;10
264;CALÇA RIPSTOP NATAL MASCULINA - (58);FARDAMENTO;UNIDADE;10
265;CALÇA RIPSTOP NATAL MASCULINA - (60);FARDAMENTO;UNIDADE;0
266;CALHA INOX PARA MESA HOSPITALAR TAMANHO GRANDE;MAT / HOSP./VETERINÁRIO;UNIDADE;0
267;CALHA INOX PARA MESA HOSPITALAR TAMANHO PEQUENA;MAT / HOSP./VETERINÁRIO;UNIDADE;0
268;CAMBÃO PARA CONTENÇÃO DE ANIMAIS;E P I;UNIDADE;0
269;CAMISA CAQUI TAMANHO G;FARDAMENTO;UNIDADE;4
270;CAMISA CAQUI TAMANHO M;FARDAMENTO;UNIDADE;16
271;CAMISA DE ALGODÃO PARA CAMPANHA ANTIRRÁBICA TAMANHO ( P );FARDAMENTO;UNIDADE;32
272;CAMISA DE ALGODÃO PARA CAMPANHA ANTIRRÁBICA TAMANHO ( M );FARDAMENTO;UNIDADE;40
273;CAMISA DE ALGODÃO PARA CAMPANHA ANTIRRÁBICA TAMANHO ( G );FARDAMENTO;UNIDADE;12
274;CAMISA DE ALGODÃO PARA CAMPANHA ANTIRRÁBICA TAMANHO ( GG );FARDAMENTO;UNIDADE;145
275;CAMISA DE ALGODÃO PARA CAMPANHA ANTIRRÁBICA TAMANHO ( XG );FARDAMENTO;UNIDADE;19
276;CAMISA PÓLO FEMININO MANGA CURTA AZUL "P";FARDAMENTO;UNIDADE;101
277;CAMISA PÓLO FEMININO MANGA CURTA AZUL "M";FARDAMENTO;UNIDADE;0
278;CAMISA PÓLO FEMININO MANGA CURTA AZUL "G";FARDAMENTO;UNIDADE;0
279;CAMISA PÓLO FEMININO MANGA CURTA AZUL "GG";FARDAMENTO;UNIDADE;0
280;CAMISA PÓLO FEMININO MANGA LONGA AZUL "P";FARDAMENTO;UNIDADE;0
281;CAMISA PÓLO FEMININO MANGA LONGA AZUL "M";FARDAMENTO;UNIDADE;0
282;CAMISA PÓLO FEMININO MANGA LONGA AZUL "G";FARDAMENTO;UNIDADE;0
283;CAMISA PÓLO FEMININO MANGA LONGA AZUL "GG";FARDAMENTO;UNIDADE;0
284;CAMISA PÓLO FEMININO MANGA LONGA AZUL "XG";FARDAMENTO;UNIDADE;0
285;CAMISA SOCIAL FEMININA NATAL MANGA CURTA - P;FARDAMENTO;UNIDADE;90
286;CAMISA SOCIAL FEMININA NATAL MANGA CURTA - M;FARDAMENTO;UNIDADE;184
287;CAMISA SOCIAL FEMININA NATAL MANGA CURTA - G;FARDAMENTO;UNIDADE;0
288;CAMISA SOCIAL FEMININA NATAL MANGA CURTA - GG;FARDAMENTO;UNIDADE;0
289;CAMISA SOCIAL FEMININA NATAL MANGA CURTA - XG;FARDAMENTO;UNIDADE;0
290;CAMISA SOCIAL FEMININA NATAL MANGA LONGA - P;FARDAMENTO;UNIDADE;24
291;CAMISA SOCIAL FEMININA NATAL MANGA LONGA - M;FARDAMENTO;UNIDADE;104
292;CAMISA SOCIAL FEMININA NATAL MANGA LONGA - G;FARDAMENTO;UNIDADE;1
293;CAMISA SOCIAL FEMININA NATAL MANGA LONGA - GG;FARDAMENTO;UNIDADE;0
294;CAMISA SOCIAL FEMININA NATAL MANGA LONGA - XG;FARDAMENTO;UNIDADE;0
295;CAMISA SOCIAL MASCULINA NATAL MANGA CURTA - P;FARDAMENTO;UNIDADE;7
296;CAMISA SOCIAL MASCULINA NATAL MANGA CURTA - M;FARDAMENTO;UNIDADE;-1
297;CAMISA SOCIAL MASCULINA NATAL MANGA CURTA - G;FARDAMENTO;UNIDADE;0
298;CAMISA SOCIAL MASCULINA NATAL MANGA CURTA - GG;FARDAMENTO;UNIDADE;0
299;CAMISA SOCIAL MASCULINA NATAL MANGA CURTA XG;FARDAMENTO;UNIDADE;0
300;CAMISA SOCIAL MASCULINA NATAL MANGA CURTA - XGG;FARDAMENTO;UNIDADE;0
301;CAMISA SOCIAL MASCULINA NATAL MANGA LONGA - P;FARDAMENTO;UNIDADE;0
302;CAMISA SOCIAL MASCULINA NATAL MANGA LONGA - M;FARDAMENTO;UNIDADE;-1
303;CAMISA SOCIAL MASCULINA NATAL MANGA LONGA - G;FARDAMENTO;UNIDADE;0
304;CAMISA SOCIAL MASCULINA NATAL MANGA LONGA GG;FARDAMENTO;UNIDADE;0
305;CAMISA SOCIAL MASCULINA NATAL MANGA LONGA XG;FARDAMENTO;UNIDADE;0
306;CAMISA PÓLO MASCULINO MANGA LONGA AZUL "P";FARDAMENTO;UNIDADE;67
307;CAMISA PÓLO MASCULINO MANGA LONGA AZUL "M";FARDAMENTO;UNIDADE;0
308;CAMISA PÓLO MASCULINO MANGA LONGA AZUL "G";FARDAMENTO;UNIDADE;2
309;CAMISA PÓLO MASCULINO MANGA LONGA AZUL "GG";FARDAMENTO;UNIDADE;0
310;CAMISA PÓLO MASCULINO MANGA LONGA AZUL "XG";FARDAMENTO;UNIDADE;0
311;CAMISA POLO MASCULINA MANGA LONGA - XGG;EXPEDIENTE;UNIDADE;0
312;CAMISA PÓLO MANGA CURTA AZUL "P";EXPEDIENTE;UNIDADE;98
313;CAMISA PÓLO MANGA CURTA AZUL "M";FARDAMENTO;UNIDADE;347
314;CAMISA PÓLO MANGA CURTA AZUL "G";FARDAMENTO;UNIDADE;347
315;CAMISA PÓLO MANGA CURTA AZUL "GG";FARDAMENTO;UNIDADE;162
316;CAMISA PÓLO MANGA CURTA AZUL "XG";FARDAMENTO;UNIDADE;39
317;CAMISAS DE CAMPO - UV. TAM. - P;E. P. I.;UNIDADE;3
318;CAMISAS DE CAMPO - UV. TAM. - M;E. P. I.;UNIDADE;5
319;CAMISAS DE CAMPO - UV. TAM. - G;E. P. I.;UNIDADE;2
320;CAMISAS DE CAMPO - UV. TAM. - GG;E. P. I.;UNIDADE;8
321;CAMISAS DE CAMPO - UV. TAM. - XG;E. P. I.;UNIDADE;17
322;CAMISA BRANCA COM BOLÇO - TAM - P;E. P. I.;UNIDADE;38
323;CAMISA BRANCA COM BOLÇO - TAM - M;E. P. I.;UNIDADE;51
324;CAMISA BRANCA COM BOLÇO - TAM - G;E. P. I.;UNIDADE;58
325;CAMISA BRANCA COM BOLÇO - TAM - GG;E. P. I.;UNIDADE;23
326;CAMISA BRANCA COM BOLÇO - TAM -XG;E. P. I.;UNIDADE;0
327;CANETA PILOTO PARA QUADRO BRANCO;EXPEDIENTE;UNIDADE;4
328;"CANETA ESFEROGRÁFICA AZUL, ESCRITA MÉDIA.";EXPEDIENTE;UNIDADE;116
329;"CANETA ESFEROGRÁFICA PRETA, ESCRITA MÉDIA.";EXPEDIENTE;UNIDADE;8
330;CANETA ESFEROGRÁFICA VERMELHA ESCRITA MÉDIA.;EXPEDIENTE;UNIDADE;24
331;CANIL GATIL DE FERRO 3 LUGARES IGUAIS MARCA ( DHD );MAT / HOSP./VETERINÁRIO;UNIDADE;0
332;CAPA DE CHUVA DE COR AMARELA TAMANHO (G) PACOTE COM 10 UNIDADES;FARDAMENTO;UNIDADE;145
333;CAPA DE CHUVA DE COR AMARELA TAMANHO (GG) PACOTE COM 10 UNIDADES;FARDAMENTO;UNIDADE;-2
334;CAPA DE CHUVA DE COR AMARELA TAMANHO (M) PACOTE COM 10 UNIDADES;FARDAMENTO;UNIDADE;0
335;CAPA DE CHUVA PARA MOTOQUEIRO KIT TAMANHO (P);FARDAMENTO;UNIDADE;10
336;CAPA DE CHUVA PARA MOTOQUEIRO KIT TAM. G;E P I;UNIDADE;4
337;CAPA DE CHUVA PARA MOTOQUEIRO KIT TAM. M;E P I;UNIDADE;17
338;CAPACÊTE PARA MOTOQUEIRO TAMANHO ( 58 );E P I;UNIDADE;36
339;CAPACÊTE PARA MOTOQUEIRO TAMANHO ( 60 );E P I;UNIDADE;0
340;CAPELA DE FLUXO LAMINAR - MARCA ABS FILTE - MOD.COMPACT FLOW H 100 SERIE 355 (TOMBO Nº 116.198.181 );EQUIPAMENTO;UNIDADE;0
341;CAPOTE CAQUI TAMANHO G;FARDAMENTO;UNIDADE;20
342;CAPOTE DE TECIDO COR AZUL;FARDAMENTO;UNIDADE;28
343;CAPOTE SORTIDOS TAMANHO UNICO - CAQUI;E P I;UNIDADE;17
344;CAPUS BRANCO;E P I;UNIDADE;84
345;CARREGADOR DE PILHAS DE BAP 550 -9 VOLTS;EXPEDIENTE;UNIDADE;2
346;CARRO DE LIMPEZA;HIGIENIZAÇÃO/LIMPESA;UNIDADE;0
347;CARTAZES DE 64 cm x 45 cm PARA ANIMAIS PEÇONHENTOS;EXPEDIENTE;UNIDADE;0
348;CARTAZES DE 64 cm x 45 cm PARA CONTROLE DO CARAMUJO AFRICANO;EXPEDIENTE;UNIDADE;0
349;CARTAZES DE 64 cm x 45 cm PARA CONTROLE DA EQUISTOSSOMOSE;EXPEDIENTE;UNIDADE;-20
350;CARTAZES DE 64 cm x 45 cm PARA CONTROLE DE EPIZÓTIAS;EXPEDIENTE;UNIDADE;0
351;CARTAZES DE 64 cm x 45 cm PARA DENGUE O MOSQUITO NÃO É MAIS FORTE QUE UM PAIS;EXPEDIENTE;UNIDADE;0
352;CARTAZES DE 64 cm x 45 cm PARA LEISHMANIOSE / CALAZAR;EXPEDIENTE;UNIDADE;0
353;CARTAZES DE 64 cm x 45 cm PARA ROEDORES / LÉPTOSPIROSE;EXPEDIENTE;UNIDADE;0
354;CARTAZES E FOLDERS DE 64 cm x 45 cm E 30 X 20 Cm PARA ZICA;EXPEDIENTE;UNIDADE;0
355;CARTAZES = FOLDERS VAMOS ACABAR COM MOSQUITO;EXPEDIENTE;UNIDADE;0
356;CARTAZES = FOLDERS CONTROLE DE ANIMAIS PEÇONHENTOS;EXPEDIENTE;UNIDADE;0
357;CARTAZES = FOLDERS CONTROLE DE CARAMUJO AFRICANO;EXPEDIENTE;UNIDADE;0
358;CARTAZES = FOLDERS CONTROLE DE LEISHMANIOSE VISCERAL / CALAZAR;EXPEDIENTE;UNIDADE;0
359;CARTAZES = FOLDERS CONTROLE DE VETORES / PRAGAS;EXPEDIENTE;UNIDADE;0
360;CARTAZES = FOLDERS ESPOROTRICOSE;EXPEDIENTE;UNIDADE;1000
361;CARTAZES = FOLDERS GIBIS TURMA DA MÔNICA;EXPEDIENTE;UNIDADE;0
362;CARTAZES = FOLDERS RAIVA;EXPEDIENTE;UNIDADE;1000
363;CARTEIRA DE VACINAÇÃO ANTIRRÁBICA;EXPEDIENTE;UNIDADE;0
364;"CARTOLINA COLO-SET, GRAMATURA 150/gm², MEDINDO 48 x 66 cm, CORES VARIADAS";EXPEDIENTE;UNIDADE;161
365;CARTOLINA MICRONDULADAS 50 cm x 80 cm;EXPEDIENTE;UNIDADE;0
366;CASE DO CABO KAWASAKI (TK65) U7766 PARA MAN. EQUIPAMENTO DE UBV;E.P.I.;UNIDADE;13
367;CABO DE ENTRADA DO COMPUTADOR DEEL MODELO DANARBCO84 -CN-OKKMYD - 25960 - 45U - 4J8C REV AOO;EQUIPAMENTO;UNIDADE;10
368;CABO PARA BISTURI Nº - 3;LABORATÓRIO;UNIDADE;13
369;CARTUCHO COMPATIVEL - MLT - D205E SANSUNG - ML3710ND / 3712SCX;EXPEDIENTE;UNIDADE;1
370;CARTUCHO DE TONNER CATRIOGE - W1030XC;EXPEDIENTE;UNIDADE;1
371;CURATIVO ESTÉRIL PÓS COLETA VENOSA CAIXA COM 500 UNIDADE;LABORATÓRIO;UNIDADE;1
372;CATETER PERIFÉRICO TIPO SCALPE AGULHA 25 GAU C/ASA DE FIXAÇÃO.;LABORATÓRIO;UNIDADE;0
373;CETAMIN A 10 % ANESTÉSICO FRASCO DE 10 ML;MEDICAÇÃO VETERINÁRIA;UNIDADE;0
374;CETAMIN - KETALEX A 10 % ANESTÉSICO FRASCO DE 50 ML;MEDICAÇÃO VETERINÁRIA;UNIDADE;71
375;CHAPEU COM ABA DA COR BRANCA;FARDAMENTO;UNIDADE;1098
376;CHICOTE ELETRICO KAWASAKI (TK-65 ) PARA MAN. EQUIPAMENTO DE UBV;E.P.I.;UNIDADE;0
377;CHICOTE ELÉTRICO COMPLETO UBV;MATERIAL PERMANENTE;UNIDADE;0
378;CHIPS DE INDENTIFICAÇÃO - ANIMAL PACOTE COM 10 UNIDADES;LABORATÓRIO;UNIDADE;11200
379;CINTO DE TECIDO COR PRETA COM FIVELA PRATEADA COM A SIGLA CCZ;FARDAMENTO;UNIDADE;621
380;"CLIPS EM AÇO NIQUELADO Nº 01, CX. COM 100 UNIDADES, FABRICADO COM ARAME DE AÇO";EXPEDIENTE;CAIXA;3
381;"CLIPS EM AÇO NIQUELADO Nº 02, CX. COM 50 UNIDADES, FABRICADO COM ARAME DE AÇO";EXPEDIENTE;CAIXA;4
382;"CLIPS EM AÇO NIQUELADO Nº 03, CX. COM 50 UNIDADES, FABRICADO COM ARAME DE AÇO";EXPEDIENTE;CAIXA;42
383;"CLIPS EM AÇO NIQUELADO Nº 04, CX. COM 50 UNIDADES, FABRICADO COM ARAME DE AÇO";EXPEDIENTE;CAIXA;0
384;"CLIPS EM AÇO NIQUELADO Nº 05, CX. COM 100 UNIDADES, FABRICADO COM ARAME DE AÇO";EXPEDIENTE;CAIXA;0
385;"CLIPS EM AÇO NIQUELADO Nº 06, CX. COM 100 UNIDADES, FABRICADO COM ARAME DE AÇO";EXPEDIENTE;CAIXA;0
386;CLIPS XR NIQUELADO CAIXA COM 25 UNIDADES;EXPEDIENTE;CAIXA;0
387;"CLIPS EM METAL NIQUELADO Nº 08 CX. 25 UNIDADES, FABRICADO COM AÇO";EXPEDIENTE;CAIXA;38
388;"CLORETO DE POTÁCIO 19,1 - AMPOLA DE 10 ml CX . 200 UNIDADES Solução injetavel";MEDICAÇÃO VETERINÁRIA;UNIDADE;176
389;CLORETO DE POTÁSIO 19.1% aqua destilada 500 ML. ( frasco de 500 ml );MEDICAÇÃO VETERINÁRIA;UNIDADE;0
390;CLORIDRATO DE TRAMADOL 50 MG / ML SOLUÇÃO INJETÁVEL AMPOLA DE 2 ML. CX. COM 100;MEDICAÇÃO VETERINÁRIA;UNIDADE;8
391;COCHETE Nº 09 - UNIDADES;EXPEDIENTE;UNIDADE;976
392;COLA BASTÃO;EXPEDIENTE;UNIDADE;37
393;"COLA BRANCA PARA PAPEL, COURO, TECIDO EMB. 500 gm";EXPEDIENTE;UNIDADE;10
394;"COLA COMPOSIÇÃO POLIVINIL ACETATO - A BASE DE PVA LIQUIDA , COR BRANCA, EMBALAGEM 90g,";EXPEDIENTE;UNIDADE;333
395;COLA PARA ISOPOR;EXPEDIENTE;UNIDADE;1
396;COLEÇÃO HIDRACOR CAIXA COM 6 UNIDADES;EXPEDIENTE;UNIDADE;45
397;COLEIRAS SCALIBOR ANTIPARASITÁRIA À BASE DE DELTAMETRINA PARA CÂES;MEDICAÇÃO VETERINÁRIA;UNIDADE;0
398;COLETE - MOTRIX DE SEGURANÇA TAMANHO - G;E.P.I.;UNIDADE;8
399;COLETE - MOTRIX DE SEGURANÇA TAMANHO - M;E.P.I.;UNIDADE;5
400;COLETOR DE URINA E FEZES 80 ml;LABORATÓRIO;UNIDADE;7280
401;CONEXÃO DO SOPRADOR (ACM-6L PARA MAN. EQUIPAMENTO DE UBV;E.P.I.;UNIDADE;4
402;CONEXÕES DE PVC CONJUNTO COM 4 PEÇAS.;EXPEDIENTE;UNIDADE;641
403;CONJUNTO BOCAL SAÚDE (ACM ) - U8122 PARA MAN. EQUIPAMENTO DE UBV;E.P.I.;UNIDADE;2
404;CONJUNTO DA VÁLVULA DO SOPRADOR - U4917 PARA MAN. EQUIPAMENTO DE UBV;E.P.I.;UNIDADE;6
405;CONJUNTO DE MANGUEIRA SAIDA VÁLVULA (ACM) U 4186 PARA MAN. EQUIPAMENTO DE UBV;E.P.I.;UNIDADE;104
406;CONJUNTO DE RESPIRO (ACM TK65 ) PARA MAN. EQUIPAMENTO DE UBV;E.P.I.;UNIDADE;0
407;"CONJUNTO DE ROUPA CALÇA,CAMISA,BONE,AVENTAL E.P.I. EQUIPE DE UBV. TAM. (EXG)";E.P.I.;UNIDADE;32
408;"CONJUNTO DE ROUPA CALÇA,CAMISA,BONE,AVENTAL E.P.I. EQUIPE DE UBV. TAM. ( G )";E.P.I.;UNIDADE;96
409;"CONJUNTO DE ROUPA CALÇA,CAMISA,BONE,AVENTAL E.P.I. EQUIPE DE UBV. TAM. ( GG)";E.P.I.;UNIDADE;204
410;"CONJUNTO DE ROUPA CALÇA,CAMISA,BONE,AVENTAL E.P.I. EQUIPE DE UBV. TAM. ( M )";E.P.I.;UNIDADE;155
411;COPO DESCARTAVEIS PARA CAFÉ 50 ml CAIXA COM 5.000 UNIDADES PACOTE COM 100 UNIDADES;COPA/COZINHA;CAIXA;408
412;COPO DESCARTAVEIS PARA ÁGUA 150 ml CAIXA COM 2.500 PACOTE COM 100 UNIDADES;COPA/COZINHA;CAIXA;143
413;COPROKIT KATO - KATZ P / DIAGNÓSTICO PARASITÁRIO CX 500;MEDICAÇÃO VETERINÁRIA;UNIDADE;0
414;COPROKIT KATO - KATZ P / DIAGNÓSTICO PARASITÁRIO CX 500;LABORATÓRIO;UNIDADE;0
415;CORPO DO JOYSTICK ( U7648 ) PARA MAN. EQUIPAMENTO DE UBV;E.P.I.;UNIDADE;0
416;CORRETIVO LIQUIDO A BASE DE AGUA E PIGMENTOS BRANCOS;EXPEDIENTE;UNIDADE;6
417;CORTADOR DE PASTILHAS NATULAR;EXPEDIENTE;UNIDADE;0
418;COTOVELEIRA TAMANHO UNICO PARA MOTOQUEIRO;E. P. I.;UNIDADE;61
419;CUBA ASSEPSIA ECONOX 10 X 5 CAP. 300 ML.;MAT / HOSP./VETERINÁRIO;UNIDADE;11
420;CURATIVO ESTÉRIL PÓS COLETA VENOSA CAIXA COM 500 UNIDADE;LABORATÓRIO;CAIXA;0
421;DESINFETANTE DE USO GERAL EMBALAGEM COM 1 LITRO;HIGIENIZAÇÃO/LIMPESA;UNIDADE;-46
422;DESINFETANTE DE USO GERAL EMBALAGEM COM 5 LITROS;HIGIENIZAÇÃO/LIMPESA;LITRO;17
423;DESINFETANTE PARA SUPERFICIES FIXAS - PEROXY ( TEM QUE TER O DILUIDOR) BOBONA DE 5 LITROS;HIGIENIZAÇÃO/LIMPESA;UNIDADE;2
424;DETERGENTE NEUTRO PARA LAVAR LOUÇA EMBALAGEM COM 1 LITROS;HIGIENIZAÇÃO/LIMPESA;LITRO;-13
425;DETERGENTE NEUTRO PARA LAVAR LOUÇA EMBALAGEM COM 5 LITROS;HIGIENIZAÇÃO/LIMPESA;UNIDADE;105
426;DETERGENTE ENZIMÁTICO A BASE DE AMILASE PROTEASE E LIPASE BOMBONA DE 5 LITROS;LABORATÓRIO;UNIDADE;4
427;DETERGENTE ENZIMÁTICO PRATICZYME EM LITRO;HIGIENIZAÇÃO/LIMPESA;UNIDADE;8
428;DIAZEPAM AMPOLAS DE 10 mg. - 2 ml.;LABORATÓRIO;UNIDADE;10
429;DIPIRONA IBASA 50% INJETÁVEL FRASCO CO 50 ML.;MEDICAÇÃO VETERINÁRIA;UNIDADE;20
430;DISCO DE ALUMINIO PARA ARMADILHAS DE MOSQUITO ( DIÂMETRO DE 31x31);LABORATÓRIO;UNIDADE;10
431;DISCO DE ALUMINIO PARA ARMADILHAS DE MOSQUITOS ( DIÂMETRO DE 35x35);EXPEDIENTE;UNIDADE;31
432;DISPENSADOR PARA PAPEL HIGIÊNICO ( MAT. PLASTICO REGISTENTE;HIGIENIZAÇÃO/LIMPESA;UNIDADE;0
433;DISPENSADOR PARA ALCOOL GEL ( PROTEÇÃO DAS MÃOS);E. P. I.;UNIDADE;16
434;"ELO-XICAN ANTINFLAMATÓRIO INJ. 0,2% FRASC.20ml.";MEDICAÇÃO VETERINÁRIA;UNIDADE;0
435;"ENFORCADOR DE COR AMARELA COM Nº DE CONTROLE SEQUENCIAL- LACRE PLÁSTICO MODELO ESCAMA, PACOTE COM 100 UNIDADES";EXPEDIENTE;PACOTE;-50
436;ENVELOPE A4 MARRON;EXPEDIENTE;UNIDADE;10
437;ENVELOPE AMARELO TAMANHO 320 mm x 410 mm;EXPEDIENTE;UNIDADE;0
438;ENVELOPE AMARELO TAMANHO A3;EXPEDIENTE;UNIDADE;40
439;ENVELOPE AMARELO TAMANHO A2;EXPEDIENTE;UNIDADE;43
440;ENVELOPE BRANCO TAMANHO 115 mm x 160 mm;EXPEDIENTE;UNIDADE;0
441;ENVELOPE BRANCO TAMANHO 280 mm x 358 mm;EXPEDIENTE;UNIDADE;10
442;ENVELOPE BRANCO TAMANHO 320 mm x 410 mm;EXPEDIENTE;UNIDADE;0
443;ENVELOPE COR MADEIRA DE 366 mm x 466 mm;EXPEDIENTE;UNIDADE;0
444;ENVELOPE DE CARTA ( PACOTE );EXPEDIENTE;UNIDADE;720
445;ENXADA COM CABO DE MADEIRA;EXPEDIENTE;UNIDADE;0
446;EQUIPAMENTO PARA ENSAIO FLOCULAÇÃO JERTEST 6 (ALFAK) - (TOMBO Nº 116.119.834 0 );MAT / HOSPITALAR;UNIDADE;0
447;EQUIPO PVC CRISTAL GOTA PADRÃO REGULADOR DE FLUXO COM FILTRO AR MIN. 120CM DE INFUSÃO PCT COM 100;LABORATÓRIO;UNIDADE;4
448;ESCADA MULTIFUNCIONAL 4 X 4 ALUMINIO;EXPEDIENTE;UNIDADE;0
449;ESCADA DE ALUMINIO MOR 12 DEGRAUS EXTENÇÃO 6.17 X 1X1;PERMANENTE;UNIDADE;1
450;ESCADA DE ALUMINIO MOR 3 DEGRAUS 1X1;PERMANENTE;UNIDADE;4
451;ESCALA MÉTRICA EM NYLON ( TRENA );EXPEDIENTE;UNIDADE;333
452;ESCOVA GRANDE ANATÔMICA PARA LIMPESA DE RECIPIENTES;EXPEDIENTE;UNIDADE;425
453;"ESPARADRAPO IMPERMEAVEL 10 x 4,5 m UNIDADE";LABORATÓRIO;UNIDADE;2
454;"ESPARADRAPO HIPOALÉRGICO MICROPOROSO 10 x 4,5 m UNIDADE";LABORATÓRIO;UNIDADE;0
455;ESPELHO PEQUENO PARA ATIVIDADE DE CAMPO;EXPEDIENTE;UNIDADE;114
456;ESPONJA DE AÇO PARA LIMPESA PACOTE COM 8 UNIDADES;HIGIENIZAÇÃO/LIMPESA;PACOTE;37
457;ESPONJA DE NYLON PARA LIMPESA;HIGIENIZAÇÃO/LIMPESA;UNIDADE;13
458;ESTILETE DE 18 CM.;EXPEDIENTE;UNIDADE;3
459;ESTUFA PARA CULTURA BACTERIOLÓGICA CAP. 42 Its M:FANEM - (TOMBO Nº116.36.436;LABORATÓRIO;UNIDADE;0
460;"ETIQUETA ADESIVA MEDINDO 12,7 mm x 44,45 mm PACOTE COM 25 FÔLHAS";EXPEDIENTE;UNIDADE;95
461;"ETIQUETAS INJET + LASER PAPEL COM 25 FÔLHAS DE 25,4 mm X 66,7 mm";EXPEDIENTE;UNIDADE;5
462;ETIQUETA ADESIVA EM RÔLO;EXPEDIENTE;UNIDADE;33
463;EXTENÇÃO TUBO DE DESCARGA BORRIFADOR ( ACM ) PARA MAN. EQUIPAMENTO DE UBV;E.P.I.;UNIDADE;2
464;"EXTRATOR DE GRAMPO TIPO ESPÁTULA INOX, 15 cm, LARGURA";EXPEDIENTE;UNIDADE;8
465;FACA PEIXEIRA INOX MUNDIAL CABO DE MADEIRA DE 9 POLEGADAS;EQUIPAMENTO;UNIDADE;1
466;FEBRAX DIPIRONA SÓDICA FRASCO DE 500 MG/ML;MEDICAÇÃO VETERINÁRIA;UNIDADE;0
467;FILME POLIESTÉR TRANSPARENTE A4 ( FÔLHAS);LABORATÓRIO;UNIDADE;0
468;FILTRO DE PROTEÇÃO RESPIRATÓRIA COMBINADO TIPO 900 / 940 P2 A2-B2-E2-K1;E. P. I.;UNIDADE;57
469;FILTRO DA VÁLVULA (PCA 20/16) K6270 C0M 10 PÇAS. PARA MAN. EQUIPAMENTO DE UBV;E. P. I.;UNIDADE;15
470;FILTRO DE AR KAWASAKI (TK-65) PARA MAN. EQUIPAMENTO DE UBV;E. P. I.;UNIDADE;8
471;FILTRO PARA RESPIRADOR CAIXA COM 5 UNIDADES;E. P. I.;CAIXAS;4
472;FIO CIRURGICO NYLON SHALON 2-0 ( COM 24 ENVEL.);MAT / HOSPITALAR;UNIDADE;9
473;FIO CIRURGICO NYLON SUTULON 3-0 ( COM 24 ENVEL.);MAT / HOSPITALAR;UNIDADE;12
474;FIPRONIL A 1% BOV GUARD FRASCO COM 5 LITROS;MEDICAÇÃO VETERINÁRIA;UNIDADE;6
475;"FITA ADESIVA TRANSPARENTE, TIPO DUREX OU SIMILAR MEDINDO 12 mm x 20 mm.";EXPEDIENTE;UNIDADE;0
476;FITA MÉTRICA EM NYLON;EXPEDIENTE;UNIDADE;0
477;FITA ADESIVA GOMADA 25X50 MM;EXPEDIENTE;UNIDADE;2
478;FITA ADESIVA GOMADA 50X50 MM;EXPEDIENTE;UNIDADE;7
479;FITA ADESIVA HOSPITALAR DE 16 mm x 50 m;MAT / HOSPITALAR;UNIDADE;0
480;FITA ADESIVA TRANSPARENTE 50X50 MM;EXPEDIENTE;UNIDADE;6
481;FITILHO PLÁSTICO RÔLO DE 420 Gm.;EXPEDIENTE;UNIDADE;0
482;FITOCLEAN SOLUÇÃO HIGIENIZADORA DE 250 ML USO VET.;MAT / HOSPITALAR;UNIDADE;0
483;"FLÂMULA EM TECIDO ,COR AMARELA, 10 x 25 cm, PARA ATIVIDADE CAMPO";EXPEDIENTE;UNIDADE;0
484;FOCO CIRÚRGICO DE EMERGÊNCIA PEDESTRAL/ COM PAINEL LUMINOSO COM BRAÇO DE MARCA BAUMER. (TOMBO 116.114.146);LABORATÓRIO;UNIDADE;0
485;FOGÃO ARES PLUS 4 BOCAS BRANCO;MATERIAL PERMANENTE;UNIDADE;0
486;FÔLHA DE EVA CORES VARIADAS;EXPEDIENTE;UNIDADE;0
487;FÔLHA DE PAPEL A4 GRAMATURA ESPESSA;EXPEDIENTE;UNIDADE;0
488;FÔLHAS DE PAPEL MADEIRA;EXPEDIENTE;UNIDADE;0
489;FORMULÁRIO - ( RESUMO DO AGENTE - PEBINHA );EXPEDIENTE;UNIDADE;1400
490;FORMULÁRIO - BLOCOS DE RECEITUÁRIO MÉDICO VETERINÁRIO;EXPEDIENTE;UNIDADE;50
491;FORMULÁRIO - FAD - 01 = ( BOLETIM DA VISITA DOMICILIAR );EXPEDIENTE;UNIDADE;-16700
492;FORMULÁRIO - FAD - 02 = ( RESUMO SEMANAL DO FAD -1 );EXPEDIENTE;UNIDADE;-6600
493;FORMULÁRIO - FAD - 03 = ( FICHA DA VISITA DOMICILIAR );EXPEDIENTE;UNIDADE;-13300
494;FORMULÁRIO - FAD - 04 = ( ITINERÁRIO DO AGENTE );EXPEDIENTE;UNIDADE;-70
495;FORMULÁRIO - FAD - 05 = ( RG - 1 ) RECONHECIMENTO GEOGRÁFICO;EXPEDIENTE;UNIDADE;2100
496;FORMULÁRIO - REGISTRO DE IMOVEIS FECHADOS ( PENDENTES );EXPEDIENTE;UNIDADE;400
497;FORMULÁRIO - REMESSA DE LARVAS PARA O LABORATÓRIO;EXPEDIENTE;UNIDADE;700
498;FORMULÁRIO - RESUMO SEMANAL DE VIGILÂNCIA DAS ARBOVIROSES;EXPEDIENTE;UNIDADE;0
499;FORMULÁRIO - BOLETINS DA VIGILÂNCIA DA EQUISTOSSOMOSE;EXPEDIENTE;UNIDADE;1400
500;FORMULÁRIO - BOLETINS DE CAMPO PARA CONTROLE DE IMUNIZAÇÃO DE ANIMAL;EXPEDIENTE;UNIDADE;7950
501;FORMULÁRIO - BOLETINS DE DIAGNÓSTICO AMBIENTAL DA LEPTOSPIROSE;EXPEDIENTE;UNIDADE;2280
502;FORMULÁRIO - BOLETINS DE INQUÉRITO NACIONAL DE PREVALÊNCIA DA EQUISTOSSOMOSE;EXPEDIENTE;UNIDADE;1700
503;FORMULÁRIO - BOLETINS DE INTERVENÇÃO QUÍMICA PARA VETORES ( UBV );EXPEDIENTE;UNIDADE;1700
504;FORMULÁRIO - BOLETINS DIÁRIO DA LEPTOSPIROSE ( PESQUISA / BLOQUEIO );EXPEDIENTE;UNIDADE;1800
505;FORMULÁRIO - BOLETINS DIÁRIO DE ACIDENTES POR ANIMAIS PEÇONHENTOS;EXPEDIENTE;UNIDADE;350
506;FORMULÁRIO - BOLETINS DIÁRIO DE COPROSCOPIA E TRATAMENTO DA EQUISTOSSOMOSE;EXPEDIENTE;UNIDADE;1200
507;FORMULÁRIO - BOLETINS DIÁRIO DE PESQUISA AMBIENTAL DA LEISHMANIOSE;EXPEDIENTE;UNIDADE;10300
508;FORMULÁRIO - BOLETINS FICHA DE BUSCA ATIVA DE CASOS SUSPEITO ( ANÁLISE DE RISCO;EXPEDIENTE;UNIDADE;750
509;FORMULÁRIO - BOLETINS PARA VACINAÇÃO CANINA / CASA - CASA CAMPANHA ANTIRRÁBICA;EXPEDIENTE;UNIDADE;800
510;FORMULÁRIO - CARTÃO DA VACINA CANINA E FELINA;EXPEDIENTE;UNIDADE;-26800
511;FORMULÁRIO - FAD - 06 = (RG - 02 ) RESUNO DO RG 1;EXPEDIENTE;UNIDADE;-200
512;FORMULÁRIO - FOLDER PARA MORCÊGOS ( QUIRÓPTEROS );EXPEDIENTE;UNIDADE;0
513;FORMULÁRIO - FOLDER PARA SAGUIS;EXPEDIENTE;UNIDADE;0
514;FORMULÁRIO - PANFLETO PARA LEPTOSPIROSE;EXPEDIENTE;UNIDADE;80
515;FORMULÁRIO - BOLETINS SINAN - FICHA DE INVESTIGAÇÃO DA EQUISTOSSOMOSE;EXPEDIENTE;UNIDADE;0
516;FORMULÁRIO - BOLETINS CONSOLIDADO DA VACINA DA ANTIRRÁBICA;EXPEDIENTE;UNIDADE;0
517;FORMULÁRIO - DIÁRIO DE MALACOLOGIA;EXPEDIENTE;UNIDADE;900
518;FORMULÁRIO - FOLDER PARA QUIRÓPTEROS / ESPOROTRICOSE;EXPEDIENTE;UNIDADE;-200
519;FORMULÁRIO - FOLDER PARA EQUISTOSSOMOSE;EXPEDIENTE;UNIDADE;-100
520;FORMULÁRIO - FOLDER P/ AEGYPT/ZIKA/CHIKUNGUNIA;EXPEDIENTE;UNIDADE;-29
521;FORMULÁRIO - PANFLETO PARA ANIMAIS PEÇONHENTOS;EXPEDIENTE;UNIDADE;170
522;FORMULÁRIO - PANFLETO PARA POMBOS;EXPEDIENTE;UNIDADE;90
523;FORMULÁRIO - PANFLETO PARA CARAMUJO AFRICANO;EXPEDIENTE;UNIDADE;-100
524;FORMULÁRIO - PANFLETO PARA RAIVA;EXPEDIENTE;UNIDADE;-250
525;FORMULÁRIO - PANFLETO PARA ROEDORES;EXPEDIENTE;UNIDADE;0
526;FORMULÁRIO - RESUMO DO BOLETINS PARA LABORATÓRIO - LIRAa.;EXPEDIENTE;UNIDADE;-550
527;FORMULÁRIO DE RELATÓRIO DE SUPERVISÃO - ITINERÁRIO;EXPEDIENTE;UNIDADE;0
528;FORMULÁRIOS - BOLETINS DE CAMPO - LIRAa;EXPEDIENTE;UNIDADE;500
529;FORMULÁRIOS - BOLETINS CONSOLIDADO - LIRAa;EXPEDIENTE;UNIDADE;-1000
530;FUCINHEIRA DIVERSAS PARA CONTENÇÃO DE ANIMAIS;MAT / HOSP./VETERINÁRIO;UNIDADE;18
531;FREEZER CONGELADOR HORIZONTAL CAP. 400 LITROS;MATERIAL PERMANENTE;UNIDADE;0
532;FURADOR DE PAPEL TAMANHO MÉDIO;EXPEDIENTE;UNIDADE;2
533;GAIOLAS DE ARAMES PARA CAPTURA DE ANIMAIS TAM MÉDIA;MAT / HOSP./VETERINÁRIO;UNIDADE;0
534;GAIOLAS DE ARAMES PARA CAPTURA DE ANIMAIS TAM GRANDE;MAT / HOSP./VETERINÁRIO;UNIDADE;0
535;GAIOLAS DE ARAMES PARA CAPTURA DE ANIMAIS TAM PEQUENAQS;MAT / HOSP./VETERINÁRIO;UNIDADE;0
536;GANCHO PARA CASTRAÇÃO ( BOLINHA 19 cm);MAT / HOSP./VETERINÁRIO;UNIDADE;3
537;GANCHO PARA CASTRAÇÃO ( CSH Nº 2 MÉDIO) 16 CM;MAT / HOSP./VETERINÁRIO;UNIDADE;3
538;GANCHO PARA CAPTURA DE ANIMAIS PEÇONHENTOS;MATERIAL PERMANENTE;UNIDADE;3
539;"GARRAFA PLÁSTICA COM TAMPA, GRADUADA DE 500 ml";EXPEDIENTE;UNIDADE;72
540;GARRAFA PLÁSTICA DE 1 LITRO PARA LARVICIDA;LABORATÓRIO;UNIDADE;101
541;GARROTE TORNIQUETE EM TUBO DE LATÉX METROS;LABORATÓRIO;METROS;8
542;"GAZE HIDRÓFILA COMPRESSA - PACOTE (10 UNIDADES, 8 CAMADAS, 5 DOBRAS)";MAT / HOSP./VETERINÁRIO;UNIDADE;300
543;GATIL (GAIOLA) DE PLÁSTICO COM DUAS PARTES COM FUROS NAS NATURAIS;MAT / HOSP./VETERINÁRIO;UNIDADE;0
544;GAVETEIRO ARQUIVO COM 4 GAVETAS EM MDF MEDINDO 48 x 40 cm.;EXPEDIENTE;UNIDADE;0
545;"GRAMPEADOR MÉDIO, PLÁSTICO (PARA GRAMPO 26/6) EM AÇO";EXPEDIENTE;UNIDADE;1
546;"GRAMPEADOR GRANDE, DE MESA, COR PRETA PARA GRAMPOS 26/6,";EXPEDIENTE;UNIDADE;19
547;"GRANPO PARA GRAMPEADOR 26x6, TIPO COBREADO, COM ARAME DE AÇO CX. COM 5000 UNIDADES";EXPEDIENTE;CAIXAS;213
548;"GRANPO PARA GRAMPEADOR 23x10 , TIPO COBREADO, COM ARAME DE AÇO CX. COM 5000 UNIDADES";EXPEDIENTE;CAIXA;2
549;"HIPOCLORITO DE SÓDIO 2,5% CAIXA COM 50 UNIDADES";LABORATÓRIO;CAIXAS;0
550;"HYTROPIN 0,50 ML ATROPINA AMPOLAS DE 1 ML";MEDICAÇÃO VETERINÁRIA;UNIDADE;0
551;INSETICIDA PYROPROXIFEN 5% ( LARVICIDA) KG.;CONTROLE VETORIAL;UNIDADE;0
552;INTERRUPTOR - K7611 COM 2 PEÇAS PARA MAN. EQUIPAMENTO DE UBV;E. P. I.;UNIDADE;39
553;IVERMECTINA SYNMECTIN 1%;MEDICAÇÃO VETERINÁRIA;UNIDADE;20
554;JALECO BRANCO FEMININO DA VIGILÂNCIA ENTOMÓLOGICA TAM. P - M - G - GG;FARDAMENTO;UNIDADE;6
555;JALECO BRANCO MASCULINO DA VIGILÂNCIA ENTOMOLÓGICA TAM. P - M - G - GG;FARDAMENTO;UNIDADE;10
556;JALECO COPA DO MUNDO 2014 TAMANHO UNICO;FARDAMENTO;UNIDADE;11
557;JALECO CAQUI CONJUNTO + CALÇA TAMANHO - M;FARDAMENTO;UNIDADE;13
558;JALECO CAQUI CONJUNTO + CALÇA TAMANHO - G;FARDAMENTO;UNIDADE;8
559;JALECO CAQUI CONJUNTO + CALÇA TAMANHO - XG;FARDAMENTO;UNIDADE;4
560;JALECO MARRON;FARDAMENTO;UNIDADE;10
561;JALECO BRANCO FEMININO COM GOLA TAM - G;E. P. I.;UNIDADE;0
562;JALECO BRANCO FEMININO COM GOLA TAM - GG;E. P. I.;UNIDADE;0
563;JALECO BRANCO FEMININO COM GOLA TAM - M;E. P. I.;UNIDADE;14
564;JALECO BRANCO FEMININO COM GOLA TAM - P;E. P. I.;UNIDADE;14
565;JALECO BRANCO MASCULINO COM GOLA TAM - G;E. P. I.;UNIDADE;10
566;JALECO BRANCO MASCULINO COM GOLA TAM - GG;E. P. I.;UNIDADE;7
567;JALECO BRANCO MASCULINO COM GOLA TAM - P;E. P. I.;UNIDADE;11
568;JALECO BRANCO MASCULINO COM GOLA TAM - M;E. P. I.;UNIDADE;5
569;JALECO MANGA LONGA AZUL MASCULINO TAMANHO - P;E. P. I.;UNIDADE;0
570;JALECO MANGA LONGA AZUL MASCULINO TAMANHO - M;E. P. I.;UNIDADE;1
571;JALECO MANGA LONGA AZUL MASCULINO TAMANHO - G;E. P. I.;UNIDADE;6
572;JALECO MANGA LONGA AZUL MASCULINO TAMANHO - GG;E. P. I.;UNIDADE;5
573;JALECO MANGA LONGA AZUL MASCULINO TAMANHO - XG;E. P. I.;UNIDADE;0
574;JALECO MASCULINO VERDE TAM. - XGG;E. P. I.;UNIDADE;2
575;JALECO MASCULINO VERDE TAM. - UNICO;E. P. I.;UNIDADE;5
576;JALECO SAÚDE DA FAMILIA TAM - UNICO;E. P. I.;UNIDADE;5
577;JOELHEIRA PARA MOTOQUEIRO TAMANHO UNICO;E. P. I.;UNIDADE;61
578;JOGO DE JUNTAS KAWASAKI (TK -65) PARA MAN. EQUIPAMENTO DE UBV;E. P. I.;UNIDADE;15
579;KATO -KATZ PARA DIAGNÓSTICO PARASITOLÓGICO CAIXA COM 500 UNIDADES.;LABORATÓRIO;CAIXAS;0
580;KETAMINE HYDROCHLORIDE INJ.10 ml.;MEDICAÇÃO VETERINÁRIA;UNIDADE;0
581;"KIT DE USO VETERINÁRIO - FACA,SERRA,GANCHO,SERROTE,MACHADINHA,FORMÃO,FURADOR COPINHO ALICATE DE CORTE";LABORATÓRIO;UNIDADE;0
582;KIT DE VEDAÇÃO DA VÁVULA ( U7795 PARA MAN. EQUIPAMENTO DE UBV;E. P. I.;UNIDADE;9
583;KIT DESCARTAVEL CAPOTE EM TNT GRAMATURA 70 (AVENTAL+ TOUCA + PRO-PÉ);E. P. I.;UNIDADE;0
584;KIT DESCARTAVEL EM TNT GRAMATURA 60 (AVENTAL+ TOUCA + PRO-PÉ);E. P. I.;UNIDADE;0
585;KIT VEDAÇÃO ( COMANDO ) U7793 PARA MAN. EQUIPAMENTO DE UBV;E. P. I.;UNIDADE;0
586;KIT - UBV DE CORPO INTEIRO EM TECIDO TIPO TELA EM ALGODÃO 50% E POLYESTER 50% TAM. GG;E. P. I.;UNIDADE;-2
587;KIT - UBV DE CORPO INTEIRO EM TECIDO TIPO TELA EM ALGODÃO 50% E POLYESTER 50% TAM. XG;E. P. I.;UNIDADE;-3
588;KIT - UBV DE CORPO INTEIRO EM TECIDO TIPO TELA EM ALGODÃO 50% E POLYESTER 50% TAM. G;E. P. I.;UNIDADE;-15
589;KIT - UBV DE CORPO INTEIRO EM TECIDO TIPO TELA EM ALGODÃO 50% E POLYESTER 50% TAM. M;E. P. I.;UNIDADE;45
590;LÂMINA DE AÇO TRÊS PONTAS FURO DE 256 mm (DURALINE) 255 MM X 9 MM X 25.4 MM;EXPEDIENTE;UNIDADE;1
591;LÂMINAS PARA BISTURI Nº 23 COM 100 UNID.;MAT / HOSP./VETERINÁRIO;UNIDADE;11
592;LÂMINAS PARA MICROSCÓPIO CX. COM 50 UNID.26.0 X 76.0 MM;MAT- LABORATÓRIO;UNIDADE;-2
593;LÂMINULAS PARA MICROSCÓPIO CX. COM 50 UNID.24.0 X 60.0 MM;LABORATÓRIO;UNIDADE;0
594;LÂMINAS PONTA LISA ESPESSURA 1.0 - 12MM CX COM 50 UNIDADES;LABORATÓRIO;UNIDADE;2
595;"LÂMINAS PARA MICROSCÓPIO ESP. 0,13 - 0,16MM - 24X60MM CX. COM 100 UNIDADES";LABORATÓRIO;UNIDADE;4
596;"LÂMINAS DE LABORATÓRIO - 7,5 X 2,5 X 0,1 600";LABORATÓRIO;UNIDADE;600
597;LANTERNA RECARREGAVEL DE LED;EXPEDIENTE;UNIDADE;481
598;"LÁPIS PRETO PARA ESCRITÓRIO nº 2, CORPO DE MADEIRA MACISA, ROLIÇO, 17,5 cm";EXPEDIENTE;UNIDADE;27
599;LÁPIS MARCA TEXTOS NAS CORES: VARIADAS;EXPEDIENTE;UNIDADE;7
600;LÁPIS CÊRA CAIXA COM 12 UNIDADES;EXPEDIENTE;UNIDADE;867
601;LAPISEIRA PARA PONTA DE LAPIS;EXPEDIENTE;UNIDADE;0
602;LARVICIDA NATULAR DT ESPINOSADE CAIXA COM 2.500 TABLETES;CONTROLE VETORIAL;CAIXA;0
603;LARVICIDA NATULAR DT ESPINOSADE CARTELA COM 50 UNIDADES;CONTROLE VETORIAL;CARTELA;0
604;LARVICIDA BIOLÓGICO - VECTOBAC WG GRANULO DISPERSIVEL -EMBALAGEM DE 500 G.;CONTROLE VETORIAL;KG;107
605;LEITOR DE TRANSPONDER ANIMAL TAG. MAQUINAS AT 01;MAT / HOSP./VETERINÁRIO;UNIDADE;0
606;LENÇOL DESCARTÁVEL PARA MACA COM 50 METROS TUBO COM 50m x 50 cm;MAT / HOSP./VETERINÁRIO;TUBOS;0
607;LENÇOL DESCARTÁVEL PARA MACA COM 50 METROS TUBO COM 50m x 75 cm;MAT / HOSP./VETERINÁRIO;TUBOS;13
608;LIDOVET ANESTÉSICO LOCAL FRASCO AMP. 50 ML;MEDICAÇÃO VETERINÁRIA;UNIDADE;50
609;LIGA ELÁSTICA EMB. COM 500 UNIDADES;EXPEDIENTE;UNIDADE;100
610;LIMPADOR APAGADOR PARA QUADRO BRANCO;EXPEDIENTE;UNIDADE;0
611;LIXA DE FERRO Nº 100;EXPEDIENTE;UNIDADE;0
612;LUVA CIRURGICA ESTÉRIL COM PÓ TAMANHO 6.0 CAIXA COM 200 PARES;LABORATÓRIO;CAIXAS;0
613;LUVA CIRURGICA ESTÉRIL COM PÓ TAMANHO 6.5 CAIXA COM 200 PARES;LABORATÓRIO;UNIDADE;0
614;LUVA CIRURGICA ESTÉRIL COM PÓ TAMANHO 6.5 EM PARES (UNIDADES);LABORATÓRIO;UNIDADE;0
615;LUVA CIRURGICA ESTÉRIL COM PÓ TAMANHO 60 EM PARES (UNIDADES);LABORATÓRIO;UNIDADE;0
616;LUVA CIRURGICA ESTÉRIL COM PÓ TAMANHO 7.0 EM PARES (UNIDADES);LABORATÓRIO;UNIDADE;0
617;LUVA CIRURGICA ESTÉRIL COM PÓ TAMANHO 7.5 EM PARES (UNIDADES);LABORATÓRIO;UNIDADE;0
618;LUVA CIRURGICA ESTÉRIL COM PÓ TAMANHO 7.0 CAIXA COM 200 PARES;LABORATÓRIO;PARES;0
619;LUVA CIRURGICA ESTÉRIL COM PÓ TAMANHO 7.5 CAIXA COM 200 PARES;LABORATÓRIO;PARES;0
620;LUVA DE AÇO TAM G UNIDADE PARES;E. P. I.;UNIDADE;3
621;LUVA DE PROCEDIMENTO COM NÃO PÓ ESTÉRIL - P CAIXA COM 100 COM;LABORATÓRIO;CAIXAS;250
622;LUVA DE PROCEDIMENTO COM PÓ NÃO ESTÉRIL - G CAIXA COM 100 COM;LABORATÓRIO;CAIXAS;1
623;LUVA DE PROCEDIMENTO COM PÓ NÃO ESTÉRIL - EP CAIXA COM 100 COM;LABORATÓRIO;CAIXAS;0
624;LUVA DE PROCEDIMENTO COM PÓ NÃO ESTÉRIL - M CAIXA COM 100 COM;LABORATÓRIO;CAIXAS;97
625;LUVA DE PROCEDIMENTO COM PÓ NÃO ESTÉRIL - XP CAIXA COM 100 COM;LABORATÓRIO;CAIXAS;60
626;LUVA DE PROCEDIMENTO COM PÓ NÃO ESTÉRIL - PP CAIXA COM 100 COM;LABORATÓRIO;CAIXAS;7
627;LUVA DE PROCEDIMENTO NÃO CIRURGICO ESTÉRIL - P CAIXA COM 100 UNIDADES;LABORATÓRIO;CAIXAS;-64
628;LUVA DE PROCEDIMENTO NÃO CIRURGICO ESTÉRIL - PP CAIXA COM 100 UNIDADES;LABORATÓRIO;CAIXAS;15
629;LUVA DE PROCEDIMENTO NÃO CIRURGICO ESTÉRIL - EP CAIXA COM 100 UNIDADES;LABORATÓRIO;CAIXAS;0
630;LUVA DE PROCEDIMENTO NÃO CIRURGICO ESTÉRIL - G CAIXA COM 100 UNIDADES;LABORATÓRIO;CAIXAS;26
631;LUVA DE PROCEDIMENTO NÃO CIRURGICO ESTÉRIL - M CAIXA COM 100 UNIDADES;LABORATÓRIO;CAIXAS;0
632;LUVA DE PROCEDIMENTO NÃO CIRURGICO ESTÉRIL - XP CAIXA COM 100 UNIDADES;LABORATÓRIO;CAIXAS;0
633;LUVA DE SEGURANÇA TRICOTADA E PIGMENTADA EM 4 FIOS DE ALGODÃO ACABAMENTO OVERLOQUE;E. P. I.;PARES;3
634;LUVA DE PROTEÇÃO DE RASPA DE COURO CAPTURA DE ANIMAIS PEÇONHENTOS ( PARES;E. P. I.;PARES;13
635;LUVA DE PVC PARA PROTEÇÃO QUIMICA E MECÂNICA ( PARES);E. P. I.;PARES;192
636;LUVA NITRILICA LATEX AZUL PARA USO GERAL TAMANHO - P;LABORATÓRIO;CAIXAS;10
637;LUVA NITRILICA LATEX PARA USO GERAL TAMANHO G;E. P. I.;UNIDADE;41
638;LUVA NITRILICA LATEX AZUL PARA USO GERAL TAMANHO M;E. P. I.;UNIDADE;120
639;LUVA NITRILICA LATEX AMARELAS PARA USO GERAL TAMANHO M;E. P. I.;UNIDADE;82
640;LUVA DE PROTEÇÃO INDIVIDUAL PARA MOTOQUEIRO TAM - M;E. P. I.;UNIDADE;11
641;LUVA DE PROTEÇÃO INDIVIDUAL PARA MOTOQUEIRO TAM - P;E. P. I.;UNIDADE;0
642;LUVA DE PROTEÇÃO INDIVIDUAL PARA MOTOQUEIRO TAM - G;E. P. I.;UNIDADE;26
643;LUVAS GRANDES;E. P. I.;UNIDADE;22
644;MACACÃO EM BRIM SOLASOL MANGA LONGA BRANCO COM BOTÃO - P;FARDAMENTO;UNIDADE;35
645;MACACÃO EM BRIM SOLASOL MANGA LONGA BRANCO COM BOTÃO - M;FARDAMENTO;UNIDADE;53
646;MACACÃO EM BRIM SOLASOL MANGA LONGA BRANCO COM BOTÃO - G;FARDAMENTO;UNIDADE;25
647;MACACÃO EM BRIM SOLASOL MANGA LONGA BRANCO COM BOTÃO - GG;FARDAMENTO;UNIDADE;30
648;MACACÃO EM BRIM SOLASOL MANGA LONGA BRANCO COM BOTÃO - XGG;FARDAMENTO;UNIDADE;12
649;MACACÃO EM BRIM SOLASOL MANGA LONGAS AZUL COM BOTÃO P;FARDAMENTO;UNIDADE;32
650;MACACÃO EM BRIM SOLASOL MANGA LONGAS AZUL COM BOTÃO M;FARDAMENTO;UNIDADE;55
651;MACACÃO EM BRIM SOLASOL MANGA LONGAS AZUL COM BOTÃO G;FARDAMENTO;UNIDADE;33
652;MACACÃO EM BRIM SOLASOL MANGA LONGAS AZUL COM BOTÃO GG;FARDAMENTO;UNIDADE;28
653;MACACÃO EM BRIM SOLASOL MANGA LONGAS AZUL COM BOTÃO XGG;FARDAMENTO;UNIDADE;12
654;MACACÃO BRANCO COM ZIPER TAM. - P;E. P. I.;UNIDADE;0
655;MACACÃO BRANCO COM ZIPER TAM. - M;E. P. I.;UNIDADE;0
656;MACACÃO BRANCO COM ZIPER TAM. - G;E. P. I.;UNIDADE;0
657;MACACÃO BRANCO COM ZIPER TAM. - GG;E. P. I.;UNIDADE;3
658;MACACÃO BRANCO COM ZIPER TAM. - XG;E. P. I.;UNIDADE;4
659;MACACÃO AZUL COM ZIPER TAM. - P;E. P. I.;UNIDADE;0
660;MACACÃO AZUL COM ZIPER TAM. - M;E. P. I.;UNIDADE;0
661;MACACÃO AZUL COM ZIPER TAM. - G;E. P. I.;UNIDADE;0
662;MACACÃO AZUL COM ZIPER TAM. - GG;E. P. I.;UNIDADE;2
663;MACACÃO AZUL COM ZIPER TAM. - XG;E. P. I.;UNIDADE;15
664;MANGUEIRA COM PORCA (ACM) TK-65 ) PARA MAN. EQUIPAMENTO DE UBV;E. P. I.;UNIDADE;18
665;MANGUEIRA DO PESCADOR UBV;MATERIAL PERMANENTE;UNIDADE;0
666;MAQUINA DE TOSA KM 10 WAHL PROFISSIONAL;MAT / HOSP./VETERINÁRIO;UNIDADE;0
667;MARCADOR PARA QUADRO BRANCO COR AZUL E PRETA;EXPEDIENTE;UNIDADE;-1
668;"MARCADOR PERMANENTE NAS CORES PRETA ,AZUL E VERMELHA ( PILOTO)";EXPEDIENTE;UNIDADE;2
669;MÁSCARA DE PROTEÇÃO RESPIRATÓRIA PFF2 / N95 COM ELÁSTICO NA CABEÇA;E. P. I.;UNIDADE;105
670;"MÁSCARA DESCARTÁVEL COM ELÁSTICO, CAIXA COM 50 UNIDADES";E. P. I.;UNIDADE;1023
671;MÁSCARA FÁCIAL COMPLETA DE 1 FILTO RÔSCA INTERNA CE -0158;E. P. I.;UNIDADE;32
672;MÁSCARA RESPIRATÓRIA KN 95 (CAIXA COM 20 UNIDADES );E. P. I.;UNIDADE;21
673;MÁSCARA DE PROTEÇÃO FACIAL TRANSPARENTE ( FACE SHIELD );E. P. I.;UNIDADE;0
674;MATABICHEIRAS FORTE SV 500 ML SPRAY LIQ. 213G.;MEDICAÇÃO VETERINÁRIA;UNIDADE;12
675;MEDIDAS PARA LÁRVICIDAS GRANULADOS PACOTE COM 200 UNIDADES;LABORATÓRIO;PACOTES;0
676;MESA INOX CIRURGICA HOSPITALAR DE 1.15 x 69 cm;MAT / HOSP./VETERINÁRIO;UNIDADE;1
677;MESA INOX CIRURGICA HOSPITALAR DE 1.40 x 60 cm;EXPEDIENTE;UNIDADE;1
678;MESA MAYO INOX . MARCA . UTI 5354 1.30 X 60;LABORATÓRIO;UNIDADE;1
679;MEDIDOR DE LARVICIDAS;EXPEDIENTE;UNIDADE;174
680;MICRO -COVER GLASSES - HEAMOCYTOMETER - 10 PAIPS JAM - CX.;LABORATÓRIO;UNIDADE;4
681;MICRO-PIPETA MONOCANAL VOL. 10 ul MICROLITRO RANGE;LABORATÓRIO;UNIDADE;4
682;MICRO TUBO EPPENDORF MD_1.5 ML PACOTECOM 500 UNIDADES;LABORATÓRIO;UNIDADE;250
683;MICRO HONDAS PHILCO BRANCO CAP. 34 LITROS 1400 W PMO34BB;MATERIAL PERMANENTE;UNIDADE;0
684;MICRO TUBO EPPENDORF MD_2.0 PACOTECOM 500 UNIDADES;LABORATÓRIO;PACOTES;10000
685;MICROCOMPUTADOR LENOVO MOD. V5OS 07IMB SÉRIE - PE082HSF;MATERIAL PERMANENTE;UNIDADE;0
686;MICROCOMPUTADOR LENOVO MOD. V5OS 07IMB SÉRIE - PE082J42;MATERIAL PERMANENTE;UNIDADE;0
687;MICROCOMPUTADOR LENOVO MOD. V5OS 07IMB SÉRIE - PE082J4A;MATERIAL PERMANENTE;UNIDADE;0
688;MICROCOMPUTADOR LENOVO MOD. V5OS 07IMB SÉRIE - PE082JXD;MATERIAL PERMANENTE;UNIDADE;0
689;MICROCOMPUTADOR LENOVO MOD. V5OS 07IMB SÉRIE - PE082JXJ;MATERIAL PERMANENTE;UNIDADE;0
690;MICROCOMPUTADOR LENOVO MOD. V5OS 07IMB SÉRIE - PE086DRR;MATERIAL PERMANENTE;UNIDADE;0
691;"MICROPIPETA AUTOCLAVEL VOL. 0,1 - 2.0 UL-E VIX - 100";LABORATÓRIO;UNIDADE;4
692;MICRO-PIPETA MONOCANAL VOL. 10- 100 MICROLITRO RANGE;LABORATÓRIO;UNIDADE;4
693;MICRO-PIPETA MONOCANAL VOL. VARIAVEL 5-50 VIX - 400;LABORATÓRIO;UNIDADE;4
694;MICRO-PIPETA MONOCANAL VOL. 20 - 200 RANGE - VIX 600;LABORATÓRIO;UNIDADE;4
695;MICRO-PIPETA MONOCANAL VOL. FIXO 200 MICROLITO;LABORATÓRIO;UNIDADE;4
696;MICROSCÓPIO BINOC. O. INFINITA MOD- NUMBER BM 25U 1000 X BIVOLT LT/SN:;LABORATÓRIO;UNIDADE;0
697;MICROSCÓPIO BINOCULAR PLAN. BLUE 1000 X INFINITO CONT. DE FASES;LABORATÓRIO;UNIDADE;0
698;MICROSCÓPIO BIOLÓGICO ÓPTICAL SYSTEN WF 10 x/20;LABORATÓRIO;UNIDADE;0
699;MOLHA DEDO CONTAGEM DE DINHEIRO);LABORATÓRIO;UNIDADE;0
700;MONITOR LENOVO COM TECLADO E MOUSE DE SERIE - PE082JXD;MATERIAL PERMANENTE;UNIDADE;0
701;MONITOR LENOVO COM TECLADO E MOUSE DE SERIE - PE082HSF;MATERIAL PERMANENTE;UNIDADE;0
702;MONITOR LENOVO COM TECLADO E MOUSE DE SERIE - PE082J42;MATERIAL PERMANENTE;UNIDADE;0
703;MONITOR LENOVO COM TECLADO E MOUSE DE SERIE - PE082J4A;MATERIAL PERMANENTE;UNIDADE;0
704;MONITOR LENOVO COM TECLADO E MOUSE DE SERIE - PE082JXJ;MATERIAL PERMANENTE;UNIDADE;0
705;MONITOR LENOVO COM TECLADO E MOUSE DE SERIE - PE086DRR;MATERIAL PERMANENTE;UNIDADE;0
706;MOP UMIDO ALGODÃO PARA LIMPESA PCT.;LABORATÓRIO;UNIDADE;3
707;NATULAR - DT;EXPEDIENTE;UNIDADE;10
708;NEBULIZADOR COSTAL PORTÁTIL - 6 LITROS (TOMBO DE 116.196.883 A 116.196.902);EQUIPAMENTOS-UBV;UNIDADE;0
709;"NYLON DE 0,6 mm ROLO COM 100m";EXPEDIENTE;UNIDADE;0
710;ÓCULOS DE PROTEÇÃO E SEGURANÇA AMPLA VISÃO DE ARMAÇÃO E VISOR CONFECCIONADO EM ÚNICA PEÇA;E. P. I.;UNIDADE;165
711;ODORIZANTES SANITÁRIO 25 gm EM PEDRA MIX DE VARIAS MARCAS PARA SANITÁRIO.;HIGIENIZAÇÃO/LIMPESA;UNIDADE;11
712;ODORIZANTES SPRAY PARA AMBIENTES COM VARIAS FRAGÂNCIAS.;HIGIENIZAÇÃO/LIMPESA;UNIDADE;3
713;PÁ PLÁSTICA TAM. PEQUENA PARA LIXO COM CABO EM MADEIRA;EXPEDIENTE;UNIDADE;20
714;PÁ DE ZINCO TAM. PEQUENA CABO DE MADEIRA;HIGIENIZAÇÃO/LIMPESA;UNIDADE;0
715;PALHETA DE EUCATEX PARA COLETA DE OVO NAS ARMADILHAS DE OVITRAMP.;EXPEDIENTE;UNIDADE;-7963
716;PANO DE LIMPESA CHÃO ( UNIDADE );HIGIENIZAÇÃO/LIMPESA;UNIDADE;28
717;PANO MULTIUSO DE ALGODÃO PERFLEX 40x60 EM UNIDADES;HIGIENIZAÇÃO/LIMPESA;UNIDADE;211
718;"PAPEL OFICIO, FORMATO - A4 - RESMA COM 500 FOLHAS";EXPEDIENTE;UNIDADE;40
719;PAPEL ALUMINIO ROLO;EXPEDIENTE;CAIXAS;95
720;PAPEL CARBONO A4 PACOTE COM 100 UNIDADES;EXPEDIENTE;UNIDADE;14
721;PAPEL CELOFONE EM CORES VARIADAS;EXPEDIENTE;UNIDADE;0
722;PAPEL CONTÁTO ( METRO );EXPEDIENTE;UNIDADE;5
723;PAPEL CONTÁTO ( ROLO );EXPEDIENTE;METRO;0
724;"PAPEL HIGIÊNICO BRANCO FÔLHAS PICOTADAS, 10cm x 30m PACOTE COM 16x 4 UNIDADES POR PACOTE";HIGIENIZAÇÃO/LIMPESA;PACOTES;445
725;PAPEL HIGIÊNICO ROLÃO CAIXA COM 8 RÔLOS DE 500 METROS;HIGIENIZAÇÃO/LIMPESA;ROLOS;8
726;PAPEL MADEIRA;EXPEDIENTE;UNIDADE;208
727;PAPEL PALTADO - UNIDADE;EXPEDIENTE;UNIDADE;700
728;"PAPEL TOALHA BRANCO, INTERFÔLHADO, 2 DOBRAS 23cm x 27cm, PACOTES COM 250 FÔLHAS";HIGIENIZAÇÃO/LIMPESA;PACOTES;-58
729;PARTIDA ( KAWASAKI - TK 65 U7706 PARA MAN. EQUIPAMENTO DE UBV;E. P. I.;UNIDADE;2
730;"PASTA EM POLIETILÊNO COM DORSO MÉDIO, 2 cm DE ESPESSURA, NAS CÔRES VARIADAS";EXPEDIENTE;UNIDADE;20
731;"PASTA EM POLIETILÊNO COM DORSO MÉDIO, 4 cm DE ESPESSURA, NAS CÔRES VARIADAS";EXPEDIENTE;UNIDADE;9
732;PASTA EM POLIETILÊNO CAIXA ARQUIVO MORTO;EXPEDIENTE;UNIDADE;0
733;"PASTA EM POLIETILÊNO TAMANHO A4, COM TRILHO, NAS CORES VARIADAS";EXPEDIENTE;UNIDADE;0
734;PASTA ESCOLAR COM ELÁSTICO 55mm;EXPEDIENTE;UNIDADE;5
735;PASTA TIPO A-Z EM CARTÃO RIGIDO TAMANHO OFICIO;EXPEDIENTE;UNIDADE;-7
736;"PASTA TIPO PAPELÃO COM GRAMPO TAMANHO A4, COM TRILHO, NAS CORES VARIADAS";EXPEDIENTE;UNIDADE;5
737;"PASTA EM POLIETILÊNO TAMANHO OFICIO, COM ABA E ELÁSTICO , NAS CÔRES VARIADAS";EXPEDIENTE;UNIDADE;-14
738;PANFLETOS DE EPIZOTIAS;EXPEDIENTE;UNIDADE;0
739;PAPEL TEXTURIZADO - A4 COM 50 FÔLHAS;EXPEDIENTE;UNIDADE;1
740;PROTETOR FACIAL JABRE PARA UBV.;E. P. I.;UNIDADE;0
741;PIPETA DE VIDRO GRADUADA DE 25 ML / 1/10;LABORATÓRIO;UNIDADE;2
742;PIPETA DE VIDRO GRADUADA DE 20 ML / 1/10;LABORATÓRIO;UNIDADE;1
743;"PIPETA DE VIDRO GRADUADA DE 5 ML / 0,1";LABORATÓRIO;UNIDADE;8
744;PIPETA DE VIDRO GRADUADA DE 1 ML / 1/100;LABORATÓRIO;UNIDADE;2
745;"PIPETA DE VIDRO GRADUADA DE 0,1 ML / 1/100";LABORATÓRIO;UNIDADE;1
746;PONTEIRAS DE 100 - 1000ul mds 5 filtro - MD - RC -1000 CAIXA COM - 96 UNIDADES;LABORATÓRIO;UNIDADE;30
747;"PILHA TIPO AA 1,5 VOLTS MÉDIA CARTELA COM 6 UNIDADES";EXPEDIENTE;UNIDADE;213
748;PINÇA WINTER 27 CM NR 1 RETA TOMBO ( Nº 116.116.327) E (116.116 335 );LABORATÓRIO;UNIDADE;0
749;PROVETA AZUL DE 100ml UNIDADES;LABORATÓRIO;UNIDADE;90
750;PROVETA AZUL DE 90ml UNIDADES;LABORATÓRIO;UNIDADE;9
751;PROVETA DE 1000 ml UNIDADES;LABORATÓRIO;UNIDADE;1
752;PROVETA DE VIDRO 500 ml UNIDADES;LABORATÓRIO;UNIDADE;3
753;PROVETA DE VIDRO 250 ml UNIDADES;LABORATÓRIO;UNIDADE;3
754;"PAPEL TOALHA BRANCO,ROLO DE 200 M X 20 CM.";HIGIENIZAÇÃO/LIMPESA;UNIDADE;6
755;PONTEIRA PARA MICROPIPETA EM PROPROPILENO C/ATÉ 1000 ML.;LABORATÓRIO;UNIDADE;234
756;"PERCEVEJOS GALVANIZADO, CAIXA COM 100 UNIDADES";EXPEDIENTE;CAIXAS;4
757;PESCA LARVAS PARA COLETA DE LARVAS.;EXPEDIENTE;CAIXAS;1370
758;PICADEIRA EM FERRO;PERMANENTE;UNIDADE;405
759;PILHA ALCALINA AA 1.5 V UNIDADES;EXPEDIENTE;CARTELAS;13
760;"PILHA PALITO TIPO AAA 1,5 VOLTS ALCALINA CARTELA COM 6 UNIDADES";EXPEDIENTE;CARTELAS;346
761;PILHAS COMUM ELGIM 1.5 VOLTS. CARTELAS COM 10 UNIDADES;EXPEDIENTE;CARTELAS;27
762;PINÇA ALLIS 5X6 DENTES 20 CM.;MAT / HOSPITALAR;UNIDADE;6
763;PINÇA ANATOMICA DISSECÇÃO SERRILHA 16 CM.;MAT / HOSPITALAR;UNIDADE;3
764;PINÇA ANATOMICA DENTE DE RATO 16 CM;MAT / HOSPITALAR;UNIDADE;1
765;PINÇA BACKALIS 13 CM P/ CAMPO;MAT / HOSPITALAR;UNIDADE;12
766;PINÇA HALSTEAD MOSQUITO CURVA 12 CM.;MAT / HOSPITALAR;UNIDADE;6
767;PINÇA HALTEAD MOSQUITO RETA 12cm;MAT / HOSP./VETERINÁRIO;UNIDADE;3
768;PINÇA HALTEAD MOSQUITO RETA 12 CM.;MAT / HOSPITALAR;UNIDADE;6
769;PINÇA HEMOSTATICA ROCHESTER /PEAN CURVA 18 CM.;MAT / HOSPITALAR;UNIDADE;6
770;PINÇA KELLY 16 CM CURVA;MAT / HOSPITALAR;UNIDADE;15
771;PINÇA KELLY RETA 16 CM;MAT / HOSPITALAR;UNIDADE;23
772;PINÇA KOCHER 18 CM CURVA;MAT / HOSPITALAR;UNIDADE;6
773;PINÇA KOCHER 1X2 DENTES RETA 16 CM.;MAT / HOSPITALAR;UNIDADE;6
774;PINÇA POZZI 24 CM.;MAT / HOSPITALAR;UNIDADE;3
775;PINÇA ROCHESTER PEAN CURVA 16 cm;MAT / HOSPITALAR;UNIDADE;6
776;PINÇA ANATOMICA DISSECÇÃO SERRILHA 12 CM.;MAT / HOSPITALAR;UNIDADE;1
777;PINÇA ANATOMICA DISSECÇÃO 16 CM.;MAT / HOSPITALAR;UNIDADE;4
778;PINÇA ROCHESTER-PEAN 20 CM RETA;MAT / HOSPITALAR;UNIDADE;6
779;PINÇA ROCHESTER PEAN RETA 16 CM.;MAT / HOSPITALAR;UNIDADE;3
780;PINÇA ROCHESTER PEAN CURVA 16 CM.;MAT / HOSPITALAR;UNIDADE;1
781;PINÇA ROCHESTER PEAN RETA 13 CM.;MAT / HOSPITALAR;UNIDADE;1
782;PINÇA KELLY RETA 14 CM;MAT / HOSPITALAR;UNIDADE;7
783;PINÇA KELLY RETA 14 CM;MAT / HOSPITALAR;UNIDADE;2
784;PINCEL ARTESANAL CHATO CABO LONGO ART - 6 X 1;EXPEDIENTE;UNIDADE;162
785;PINCEL ARTESANAL CHATO CABO LONGO ART - 12 X 1;EXPEDIENTE;UNIDADE;156
786;PIPETA PLÁSTICA CAIXA COM 500 UNIDADES;EXPEDIENTE;UNIDADE;12319
787;PIPETA SOROLÓGICA DE VIDRO 10 ML.;LABORATÓRIO;UNIDADE;70
788;PISCETA PLÁSTICA PACOTE COM 10 UNIDADE;EXPEDIENTE;PACOTE;0
789;"PONTA GRAFITE TIPO CARGA PARA LÁPISEIRA 0,7mm ESTÔJO COM 12";EXPEDIENTE;UNIDADE;0
790;PORCA DE FIXAÇÃO ( U 6130 ) PARA MAN. EQUIPAMENTO DE UBV;E. P. I.;UNIDADE;12
791;PORTA DOCUMENTOS / CORRESPONDENCIA DUPLA MOVEL;EXPEDIENTE;UNIDADE;0
792;PORTA LÂMINAS DE PLÁSTICOS;LABORATÓRIO;UNIDADE;0
793;PORTA AGULHAS DE 14cm;EXPEDIENTE;UNIDADE;1
794;PORTA AGULHAS DE 16cm;EXPEDIENTE;UNIDADE;3
795;PORTA ALGODÃO DE AÇO INOX - 18 X 18 DM SSAP76655;EXPEDIENTE;UNIDADE;1
796;POST-TIT ( BLOCO DE ADESIVOS) 76 X 78 mm COM 100;EXPEDIENTE;UNIDADE;3
797;POTES BRANCO;EXPEDIENTE;UNIDADE;260
798;POTE MÉDIO PRETO SEM TAMPA PARA ARMADILHAS DE OVITRAMP;EXPEDIENTE;UNIDADE;716
799;POTE PLÁSTICO COM TAMPA CAPACIDADE DE 1.8 LITROS ARMADILHAS DISSEMINADORAS;EXPEDIENTE;UNIDADE;23375
800;PRANCHETA DE EUCATEX TAMANHO OFICIO;Permanente;UNIDADE;295
801;"PRANCHETA EM ACRÍLICO , COM PRENDEDOR EM METAL,TAMANHO OFICIO";EXPEDIENTE;UNIDADE;-6
802;PRATOS FUNDO DE VIDRO TRANSPARENTE DURALEX;COPA/COZINHA;UNIDADE;38
803;PRATOS RASO DE CERÂMICA BRANCO;COPA/COZINHA;UNIDADE;38
804;PRÓ - PÉ EM PARES TAMANHO ÚNICO;E. P. I.;PARES;87
805;PRÓ- PÉ BRANCO;E. P. I.;UNIDADE;576
806;PROACTION AS 100 4E DETERGENTE ENZIMÁTICO 1 LITRO;HIGIENIZAÇÃO / VET.;UNIDADE;0
807;PROPOFOL - PROPOTIL CX- 5 AMPOLAS DE 20 ML A 1%;MEDICAÇÃO VETERINÁRIA;UNIDADE;18
808;PROPOFOL - PROVIVE - 10MG / ML A 1 % CXM COM 5 AMPOLAS DE 20 ML;MEDICAÇÃO VETERINÁRIA;UNIDADE;21
809;PROTETOR LABIAL;E. P. I.;UNIDADE;-809
810;PROTETOR AUDITIVO TIPO INSERÇÃO PRÉ-MOLDADO DE SILICONE TAMANHO ÚNICO CA - 28.534 ( UBV );E. P. I.;UNIDADE;135
811;PROTETOR AURICULAR TIPO CONCHA ARCO ALMOFADADO PRETO COM CONCHA E ESPUMA AFIXADA;E. P. I.;UNIDADE;24
812;PROTETOR FACIAL TRANSPARENTE ( FACE SHIELD );E. P. I.;UNIDADE;4100
813;PROTETOR SOLAR CORPORAL - FRASCO DE 120 ml;E. P. I.;UNIDADE;3159
814;PROTETOR AURICULAR ABAFADOR DE RUIDOS CA 27412 VALIDADE ATE 14/10/2025;E. P. I.;UNIDADE;42
815;PROVETA DE 100ml UNIDADES;LABORATÓRIO;UNIDADE;254
816;PULVERIZADOR DE COMPRESSÃO PRÉVIA IK VECTOR 11.5 LITROS ( TOMBO DE 116.196.903 A 116.196.912 );EQUIPAMENTOS-UBV;UNIDADE;0
817;RAÇÃO PARA CÃES SACO COM 25 kg;EXPEDIENTE;UNIDADE;4
818;"RAÇÃO PARA GATOS SACO COM 10,1 kg";EXPEDIENTE;UNIDADE;7
819;RECARREGADOR DE 9V P/PILHAS AA/AAA BAP 500;EXPEDIENTE;UNIDADE;1
820;REGADOR PLÁSTICO PARA PLANTA COM BICO CAP. 5 LITROS.;EXPEDIENTE;UNIDADE;0
821;REGISTRADOR DE AZ OFICIO 285mm x 345 mm;EXPEDIENTE;UNIDADE;0
822;RÉGUA TRANPARENTE DE 30 cm.;EXPEDIENTE;UNIDADE;102
823;RESPIRADOR SEMI FACIAL PARA AGENTES QUIMICOS CLASSE 01 1/4 COM FILTRO;E. P. I.;UNIDADE;0
824;RETALHO DE TECIDO PRETO COM 50cm X 20cm PARA DISSEMINADORAS;EXPEDIENTE;UNIDADE;0
825;RIOHEX 2% DIGLICONATO DWE CLOREXDINA;MEDICAÇÃO VETERINÁRIA;UNIDADE;0
826;RODENTICIDA ANTICOAGULANTE BLOCOS 5 gm Cx. 1 KG.;CONTROLE DE ROEDORES;KILO;150
827;RODENTICIDA ANTICOAGULANTE BLOCOS COM PARAFINA 20 gm EMB. COM 1 KG.;CONTROLE DE ROEDORES;KILO;40
828;RODENTICIDA ANTICOAGULANTE GRANULADO 10 gm EMB. 1 KG.;CONTROLE DE ROEDORES;KILO;115
829;RODENTICIDA EM PÓ EMB. DE 1 KG.;CONTROLE DE ROEDORES;KILO;4
830;RÔDO GRANDE 40 CM;HIGIENIZAÇÃO/LIMPESA;UNIDADE;17
831;RÔDO PEQUENO 30 CM;HIGIENIZAÇÃO/LIMPESA;UNIDADE;8
832;ROLO DE TECIDO PRÊTO PARA AS ARMADILHAS ( ROLO COM 55 METROS);LABORATÓRIO;UNIDADE;0
833;SABÃO EM BARRA;HIGIENIZAÇÃO/LIMPESA;UNIDADE;82
834;SABÃO EM PÓ PACOTE DE 500 gm;HIGIENIZAÇÃO/LIMPESA;UNIDADE;58
835;SABONETE LIQUIDO CREMOSO P/ LAVAGEM DAS MÃOS EMB. COM 1 LITROS;HIGIENIZAÇÃO/LIMPESA;UNIDADE;-16
836;SABONETE LIQUIDO CREMOSO P/ LAVAGEM DAS MÃOS EMB. COM 5 LITROS;HIGIENIZAÇÃO/LIMPESA;LITROS;30
837;SACO PARA CADAVER TAM. GRANDE;HIGIENIZAÇÃO/LIMPESA;UNIDADE;0
838;SACO PARA CADAVER TAM. PEQUENO;HIGIENIZAÇÃO/LIMPESA;UNIDADE;37
839;"SACO PLÁSTICO PARA LIXO HOSPITALAR, BRANCO LEITOSO, 30 LITROS, COM 100 UNIDADES";HIGIENIZAÇÃO/LIMPESA;UNIDADE;0
840;"SACO PLÁSTICO PARA LIXO HOSPITALAR, BRANCO LEITOSO, 40 LITROS, COM 100 UNIDADES";HIGIENIZAÇÃO/LIMPESA;UNIDADE;9
841;"SACO PLÁSTICO PARA LIXO HOSPITALAR, BRANCO LEITOSO, 50 LITROS, COM 100 UNIDADES";HIGIENIZAÇÃO/LIMPESA;UNIDADE;167
842;"SACO PLÁSTICO PARA LIXO HOSPITALAR, BRANCO LEITOSO, 60 LITROS, COM 100 UNIDADES";HIGIENIZAÇÃO/LIMPESA;UNIDADE;4
843;"SACO PLÁSTICO PARA LIXO HOSPITALAR, BRANCO LEITOSO, 100 LITROS, COM 100 UNIDADES";HIGIENIZAÇÃO/LIMPESA;PACOTES;52
844;"SACO PLÁSTICO PARA LIXO HOSPITALAR, BRANCO LEITOSO, 200 LITROS, COM 100 UNIDADES";HIGIENIZAÇÃO/LIMPESA;PACOTES;44
845;SACO PLÁSTICO TRANSPARENTE DE 1 kg;HIGIENIZAÇÃO/LIMPESA;UNIDADE;0
846;SACO PLÁSTICO TRANSPARENTE DE 2 kg;HIGIENIZAÇÃO/LIMPESA;UNIDADE;0
847;SACO PLÁSTICO TRANSPARENTE DE 5 kg;HIGIENIZAÇÃO/LIMPESA;UNIDADE;0
848;"SACO PLÁSTICO PRETO PARA LIXO CAP. 40 LITROS, COM 100 UNIDADES";HIGIENIZAÇÃO/LIMPESA;UNIDADE;-3
849;"SACO PLÁSTICO PRETO PARA LIXO CAP. 50 LITROS, COM 100 UNIDADES";HIGIENIZAÇÃO/LIMPESA;UNIDADE;16
850;"SACO PLÁSTICO PRETO PARA LIXO CAP. 60 LITROS, COM 100 UNIDADES";HIGIENIZAÇÃO/LIMPESA;UNIDADE;-3
851;"SACO PLÁSTICO PRETO PARA LIXO CAP. 100 LITROS, COM 100 UNIDADES";HIGIENIZAÇÃO/LIMPESA;UNIDADE;124
852;"SACO PLÁSTICO PRETO PARA LIXO CAP. 200 LITROS, COM 100 UNIDADES";HIGIENIZAÇÃO/LIMPESA;UNIDADE;85
853;SACO PLÁSTICO TRANSPARENTE PARA MATERIAL BIOLÓGICO 10 kg.;HIGIENIZAÇÃO/LIMPESA;UNIDADE;797
854;SACO DE COLETA ESPECIAL;LABORATÓRIO;UNIDADE;236
855;SAPATO FEMININO IMPERMEAVEL ANTIDERRAPANTE MOOV PRETA FUJIWARA Nº 35;FARDAMENTO;UNIDADE;-2
856;SAPATO FEMININO IMPERMEAVEL ANTIDERRAPANTE MOOV PRETA FUJIWARA Nº 36;FARDAMENTO;UNIDADE;-18
857;SAPATO FEMININO IMPERMEAVEL ANTIDERRAPANTE MOOV PRETA FUJIWARA Nº 37;FARDAMENTO;UNIDADE;-13
858;SAPATO FEMININO IMPERMEAVEL ANTIDERRAPANTE MOOV PRETA FUJIWARA Nº 38;FARDAMENTO;UNIDADE;0
859;SAPATO FEMININO IMPERMEAVEL ANTIDERRAPANTE MOOV PRETA FUJIWARA Nº 39;FARDAMENTO;UNIDADE;-3
860;SAPATO FEMININO IMPERMEAVEL ANTIDERRAPANTE MOOV PRETA FUJIWARA Nº 40;FARDAMENTO;UNIDADE;-2
861;SAPATO DE SEG. MASCULINO PRETO TIPO SOCIAL Nº 37;FARDAMENTO;UNIDADE;3
862;SAPATO DE SEG. MASCULINO PRETO TIPO SOCIAL Nº 38;FARDAMENTO;UNIDADE;6
863;SAPATO DE SEG. MASCULINO PRETO TIPO SOCIAL Nº 39;FARDAMENTO;UNIDADE;8
864;SAPATO DE SEG. MASCULINO PRETO TIPO SOCIAL Nº 40;FARDAMENTO;UNIDADE;7
865;SAPATO DE SEG. MASCULINO PRETO TIPO SOCIAL Nº 41;FARDAMENTO;UNIDADE;5
866;SAPATO DE SEG. MASCULINO PRETO TIPO SOCIAL Nº 42;FARDAMENTO;UNIDADE;1
867;SAPATO DE SEG. MASCULINO PRETO TIPO SOCIAL Nº 43;FARDAMENTO;UNIDADE;0
868;SAPATO DE SEG. MASCULINO PRETO TIPO SOCIAL Nº 44;FARDAMENTO;UNIDADE;1
869;SAPATO DE SEG. MASCULINO PRETO TIPO SOCIAL Nº 45;FARDAMENTO;UNIDADE;3
870;SAPATO TENIS PARA CAMINHADA EM MATERIAL SINTÉTICO MARCA - FUJIWARA Nº 33;FARDAMENTO;UNIDADE;1
871;SAPATO TENIS PARA CAMINHADA EM MATERIAL SINTÉTICO MARCA - FUJIWARA Nº 34;FARDAMENTO;UNIDADE;0
872;SAPATO TENIS PARA CAMINHADA EM MATERIAL SINTÉTICO MARCA - FUJIWARA Nº 35;FARDAMENTO;UNIDADE;0
873;SAPATO TENIS PARA CAMINHADA EM MATERIAL SINTÉTICO MARCA - FUJIWARA Nº 36;FARDAMENTO;UNIDADE;4
874;SAPATO TENIS PARA CAMINHADA EM MATERIAL SINTÉTICO MARCA - FUJIWARA Nº 37;FARDAMENTO;UNIDADE;8
875;SAPATO TENIS PARA CAMINHADA EM MATERIAL SINTÉTICO MARCA - FUJIWARA Nº 38;FARDAMENTO;UNIDADE;0
876;SAPATO TENIS PARA CAMINHADA EM MATERIAL SINTÉTICO MARCA - FUJIWARA Nº 39;FARDAMENTO;UNIDADE;0
877;SAPATO TENIS PARA CAMINHADA EM MATERIAL SINTÉTICO MARCA - FUJIWARA Nº 40;FARDAMENTO;UNIDADE;0
878;SAPATO TENIS PARA CAMINHADA EM MATERIAL SINTÉTICO MARCA - FUJIWARA Nº 41;FARDAMENTO;UNIDADE;0
879;SAPATO TENIS PARA CAMINHADA EM MATERIAL SINTÉTICO MARCA - FUJIWARA Nº 42;FARDAMENTO;UNIDADE;0
880;SCALP - 21 G X 3/4 X 30CM INTRAVENOSO COM EMBALAGEM PLÁSTICA CAIXA COM 100;LABORATÓRIO;UNIDADE;-1283
881;"SCALP - 23 G X 3/4 0,64mm X 19mm / CANULA EM AÇO INOX PARA INFUSÃO INTRAVENOSA CAIXA COM 100";LABORATÓRIO;UNIDADE;0
882;SERINGAS DESCARTAVEIS SEM AGULHA 3 ml LUER LOCK ( cx com 100 );LABORATÓRIO;CAIXAS;165
883;"SERINGAS ESTÉRIL 1 ml DESCARTAVEIS 0,45 x 13mm x 25 mm LUER SLIP CX. COM 500 UNIDADES";LABORATÓRIO;UNIDADE;100
884;"SERINGAS HIPODÉRMICA ESTÉRIL 10 ml DESCARTAVEIS 0,7 x 25 mm LUER SLIP EM UNIDADES";LABORATÓRIO;UNIDADE;0
885;"SERINGAS HIPODÉRMICA ESTÉRIL 10 ml DESCARTAVEIS 0,7 x 25 mm LUER SLIP CX. COM 250 UNIDADES";LABORATÓRIO;CAIXAS;6
886;SERINGAS HIPODÉRMICA ESTÉRIL 20 ml DESCARTAVEIS LUER LUCK CX. COM 250 UNID. SEM AGULHA;LABORATÓRIO;CAIXAS;4
887;"SERINGAS HIPODÉRMICA ESTÉRIL 5 ml DESCARTAVEIS 0,7 x 25 mm LUER LOCK CX. COM 250 UNIDADES";LABORATÓRIO;CAIXAS;27
888;"SERINGAS HIPODÉRMICA ESTÉRIL 3 ml DESCARTAVEIS 0,7 x 25 mm LUER LOCK COM ROSCA CX.COM 500 UNIDADES";LABORATÓRIO;CAIXAS;199
889;"SERINGAS HIPODÉRMICA ESTÉRIL 3 ml DESCARTAVEIS 0,7 x 25 mm LUER SLIP SEM ROSCA CX.COM 500 UNIDADES";LABORATÓRIO;CAIXAS;91350
890;SISTEMA DE OSMORSE RESERVE H 20SW BAUMER TOMBO ( Nº 116.49.991 ) E ( 116.49.992;LABORATÓRIO;UNIDADE;0
891;SHALON MEDICAL - POLICLACTINA 910 - 2-0;LABORATÓRIO;UNIDADE;1
892;SWAB - PARA COLRTA DE AMÓSTRAS STÉRIL CXM 100 UNIDADES HASTE PLÁSTICA;LABORATÓRIO;UNIDADE;0
893;"SORO FISIOLÓGICO - 9MG/ML - 0,9 % COM SÓDIO";MEDICAÇÃO VETERINÁRIA;UNIDADE;20
894;TAÇA DE VIDRO;LABORATÓRIO;UNIDADE;27
895;TAMPA DO TANQUE DO COMBUSTIVEL (ACMTK65) PARA MAN. EQUIPAMENTO DE UBV;E. P. I.;UNIDADE;0
896;TAMPÃO DA VÁLVULA DO COMANDO UNIFICADO - U5190 PARA MAN. EQUIPAMENTO DE UBV;E. P. I.;UNIDADE;5
897;TANQUE QUIMICO ACM - 6 LITROS TK65 PARA MAN. EQUIPAMENTO DE UBV;E. P. I.;UNIDADE;4
898;TELA PARA CAIXA DAQUA DE 250 LITROS;EXPEDIENTE;UNIDADE;159
899;TELA FINA DE NYLON PARA PROTEÇÃO EM METRO;EXPEDIENTE;UNIDADE;0
900;TELA PARA CAIXA DAQUA DE 500 LITROS;EXPEDIENTE;UNIDADE;0
901;TERMÔMETRO DIGITAL INTERNO E EXTERNO DIM. 64 x 85 x 22 mm;LABORATÓRIO;UNIDADE;16
902;"TESOURA PARA USO GERAL EM AÇO INOX 12.3 cm, TAMANHO MÉDIO ,COM CABO PLÁSTICO";EXPEDIENTE;UNIDADE;6
903;"TESOURA PARA USO GERAL EM AÇO INOX 21cm, TAMANHO GRANDE,COM CABO PLÁSTICO";EXPEDIENTE;UNIDADE;-3
904;TESOURA CIRURGICA FINA FINA RETA 15 CM.;MAT / HOSPITALAR;UNIDADE;0
905;TESOURA CIRURGICA FINA ROMBA 15 CM CURVA;MAT / HOSPITALAR;UNIDADE;3
906;TESOURA CIRURGICA RETA 15 CM ROMBA ROMBA;MAT / HOSPITALAR;UNIDADE;3
907;TESOURA CIRURGICA ROMBA / ROMBA 16 CM RETA RR;MAT / HOSPITALAR;UNIDADE;1
908;TESOURA SPENCER CURVA 9 CM;MAT / HOSPITALAR;UNIDADE;3
909;TESTE RÁPIDO TR DPP LEISHMANIOSE VISCERAL CANINA;LABORATÓRIO;UNIDADE;0
910;THIOPENTAX 1G SÓDICO CX. COM 25 AMPOLAS. 1G;MEDICAÇÃO VETERINÁRIA;CAIXAS;0
911;TINTA AZUL E PRETA PARA CARIMBO;EXPEDIENTE;UNIDADE;4
912;"TINTA GUACHE NÃO TÓXICA PARA PINTURA EM ROSTO, DE VÁRIAS CORES CX.COM 6 UNIDADES.";EXPEDIENTE;CAIXAS;0
913;TINTA PARA REABASTECER ALMOFADA PARA CARIMBO NA COR PRETA TUBO COM 40 ml;EXPEDIENTE;UNIDADE;0
914;TORNIQUETE LATEX FREE SEM TALCO CX. 25 UNIDADES;LABORATÓRIO;UNIDADE;1
915;TOPLINE CARRAPATICIDA ENSET. LITRO;MEDICAÇÃO VETERINÁRIA;UNIDADE;0
916;TOUCA PROTETORA CAPILAR TIPO REDE;LABORATÓRIO;UNIDADE;17
917;TOUCA SANFONADA PROTETORA CAPILAR COM ELÁSTICO PACOTE COM 100 UNIDADES;LABORATÓRIO;PACOTE;-79
918;TRENA MÉTRICA DE FIBRA DE VIDRO p/ 50m;EXPEDIENTE;UNIDADE;0
919;TUBITOS TAMANHO MISTO PARA COLETA DE REMESSAS DE LARVAS;LABORATÓRIO;UNIDADE;-900
920;"TUBO CRIOGÊNICO DE 2,0 ml COM ANEL DE SILICONE SACO COM 100 UNIDADES";LABORATÓRIO;SACOS;0
921;TUBO DE VIDRO DE 12x75 mm CAIXA COM 250 UNIDADES;LABORATÓRIO;Caixas;0
922;TUBO DE VIDRO COM 50ml;LABORATÓRIO;UNIDADE;0
923;TUBO DE DURAN 6x40mm PACOTE COM 65 UNIDADES;LABORATÓRIO;UNIDADE;0
924;"TUBO DE PLÁSTICO A VÁCUO COM ADITIVO 3,5 ml";LABORATÓRIO;UNIDADE;27
925;"TUBO DE PLÁSTICO A VÁCUO COM ADITIVO 6,0 ml";LABORATÓRIO;UNIDADE;0
926;TUBO FALCON DE 15 ml DE COMPOSIÇÃO PLÁSTICA;LABORATÓRIO;UNIDADE;600
927;TUBO FALCON DE 50 ml DE COMPOSIÇÃO PLÁSTICA;LABORATÓRIO;UNIDADE;200
928;TUBO PARA COLETA DE SANGUE A VÁCUO COM GÉL ATIVADO 6 ml EMBALAGEM COM 100 UNIDADES;LABORATÓRIO;UNIDADE;1740
929;"TUBO PARA COLETA DE SANGUE A VÁCUO CILICONADO 8,5 ml";LABORATÓRIO;UNIDADE;0
930;TUBO PESCADOR ACM 1-BL (U7940 ) PARA MAN. EQUIPAMENTO DE UBV;E. P. I.;UNIDADE;15
931;TUBO PLÁSTICO de 100 ml COM 2 UNIDADES;LABORATÓRIO;PARES;0
932;TUBO PP 12x75mm DE 5 ml SACO COM 1000 UNIDADES COM TAMPA;LABORATÓRIO;SACOS;0
933;TUBO DE ENSÁIO DE 12x75 mm SACO COM 1000 UNIDADES;LABORATÓRIO;SACOS;34750
934;TUBO EXTERNO SOPRADOR ACM 6L (TK65) PARA MAN. EQUIPAMENTO DE UBV;E. P. I.;UNIDADE;8
935;TUBO PLÁSTICO DE 1.000 ml;LABORATÓRIO;UNIDADE;0
936;VASSOURA DE PÊLO ARTIFICIAL 40cm COM CABO DE MADEIRA;HIGIENIZAÇÃO/LIMPESA;UNIDADE;0
937;VASSOURA EM NYLON COM CABO TIPO EM PÉ Nº 8;HIGIENIZAÇÃO/LIMPESA;UNIDADE;8
938;VASSOURA PARA LIMPESA DE TETO TIPO VASCULHO;HIGIENIZAÇÃO/LIMPESA;UNIDADE;0
939;VASILHA DE ALUMINIO PARA RAÇÃO DOS ANIMAIS 24 CM.;MEDICAÇÃO VETERINÁRIA;UNIDADE;3
940;VASILHA DE ALUMINIO PARA RAÇÃO DOS ANIMAIS 20 CM.;MEDICAÇÃO VETERINÁRIA;UNIDADE;40
941;VELA BPMR7A-9 KAWASAKI 9TK 65);PEÇA REPOSIÇÃO - UBV;UNIDADE;9
942;XILAZIN SEDATIVO CLORIDRATO A 2% FRASCO DE 50 ML;MEDICAÇÃO VETERINÁRIA;UNIDADE;78
943;ZOLETIL -100 ANESTÉSICO DISSOCIATIVO FRASCO DILUENTE;MEDICAÇÃO VETERINÁRIA;UNIDADE;50
944;CAIXA ACÚSTICA DE SON MARCA NOVIK NEO EVO 460X RMS POWER - 350W DRIVER - 1.75;MAT. PERMANENTE;UNIDADE;0
945;DISPENSER P. SABONETR URBAN 400 ML. ( PROJETO WOLBAC );MAT. PERMANENTE;UNIDADE;5
946;DISPENSER PAPEL TOALHA INTERFÔLHADO BRANCO ( PROJETO WOLBAC );MAT. PERMANENTE;UNIDADE;1
947;DISPENSER PARA COPOS 200ML AGUAR. ( PROJETO WOLBAC );MAT. PERMANENTE;UNIDADE;1
948;ASPIRADOR WAP GTW 20L 220V - 60HZ. ( PROJETO WOLBAC );MAT. PERMANENTE;UNIDADE;1
949;PLÁSTICO TRANSPARENTE 20 / PAPEL ( PROJETO WOLBAC );MAT. PERMANENTE;UNIDADE;5
950;COLA QUENTE BASTÃO GROSSO 1KG ( PROJETO WOLBAC );MAT. PERMANENTE;UNIDADE;3
949;PISTOLA APLICAR COLA QUENTE GRD. ( PROJETO WOLBAC );MAT. PERMANENTE;UNIDADE;5
950;LUVA FORRADA LATEX TAM. M 30CM. (PROJETO WOLBAC );MAT. PERMANENTE;UNIDADE;10000
951;LUVA NITRILICA - KA TAM. G IMPERMEAVEL KALIPSO ( PROJETO WOLBAC );MAT. PERMANENTE;UNIDADE;10000
952;"PARAFILM M. ROLO 10,2 X 38,10 M ( PROJETO WOLBAC )";MAT. PERMANENTE;UNIDADE;150
953;DESINFETANTE MULTIUSO DE 500 ML;HIGIENIZAÇÃO/LIMPESA;UNIDADE;1
954;AQUECEDOR ELÉTRICO C/2TEMPERATURA 2000W - 220 V A 8 MONDIAL ( PROJETO WOLBAC );MAT. PERMANENTE;UNIDADE;5
955;MICROONDAS ELETROLUX MI41 S 31 LITROS CINZA 220 V. ( PROJETO WOLBAC );MAT. PERMANENTE;UNIDADE;2
956;GELADEIRA ELETROLUX FF DFN44 - 400 LITROS BRANCO - 220 V. ( PROJETO WOLBAC );MAT. PERMANENTE;UNIDADE;2
957;VENTILADOR COLUNA 40C TURBO 8 PA MONDIAL PR ( PROJETO WOLBAC );MAT. PERMANENTE;UNIDADE;8
958;BORRIFADOR / PULVERIZADOR 500 ML. ( PROJETO WOLBAC );MAT. PERMANENTE;UNIDADE;1
959;PULVERIZADEOR COMPRESSORA 1.2 L STAFER ( PROJETO WOLBAC );MAT. PERMANENTE;UNIDADE;1
960;FUNIL PLÁSTICO 10 CM. ( PROJETO WOLBAC );MAT. PERMANENTE;UNIDADE;1
961;FUNIL PLÁSTICO 19 CM. ( PROJETO WOLBAC );MAT. PERMANENTE;UNIDADE;1
962;JARRA POLIPROPILENO GRADUADA 4 L. ( PROJETO WOLBAC );MAT. PERMANENTE;UNIDADE;1
963;PENEIRA COADORA PLÁSTICO 16 cm. ( PROJETO WOLBAC );MAT. PERMANENTE;UNIDADE;1
964;PENEIRA COADORA PLÁSTICO 7 cm. ( PROJETO WOLBAC );MAT. PERMANENTE;UNIDADE;1
965;CALCULADORA DE MESA 12 DIGITOS - B3562 BA 1X1 ( PROJETO WOLBAC );MAT. PERMANENTE;UNIDADE;10
966;DUREX TRANPARENTE P/ EMPAC 5802 45 MM X100 M 1X4 ( PROJETO WOLBAC );MAT. PERMANENTE;UNIDADE;5
968;FITA CREPE 2352 18 MM X 50 M 1X1 ( PROJETO WOLBAC );MAT. PERMANENTE;UNIDADE;30
970;GRAMPEADOR BAZZE 50 FL B5315 1X1 ( PROJETO WOLBAC );MAT. PERMANENTE;UNIDADE;7
971;PRANCHETA MDF A4 PRENDEDOR METAL 105 1X1 ( PROJETO WOLBAC );MAT. PERMANENTE;UNIDADE;10
972;FITA CREPE USO GERAL 48 MM X 50 MTS 3M ( PROJETO WOLBAC );MAT. PERMANENTE;UNIDADE;30
973;GRAMPO DE GRAMPEADOR - GALVANIZADO CX. 50000 UN. ( PROJETO WOLBAC );MAT. PERMANENTE;UNIDADE;3
974;PORTA LAPIS ARAMADO PRETO B8802PT 1 UN ( PROJETO WOLBAC );MAT. PERMANENTE;UNIDADE;4
975;"PINÇEL QUADRO BRANCO 2,0 MM 4 CORES RECARREGAVEL 89 ( PROJETO WOLBAC )";MAT. PERMANENTE;UNIDADE;2
976;KIT WIRELESS ( TECLADOMOUSE) PRETO KMW100CX1UN. ( PROJETO WOLBAC );MAT. PERMANENTE;UNIDADE;2
977;PAPEL SULFITE A4 75G 210MM X 297MM PT 500FL. ( PROJETO WOLBAC );MAT. PERMANENTE;UNIDADE;10
978;"CAIXA PLÁSTICA ORGANIZADORA C/TPA 11,0 L PLEION - 0330 ( PROJETO WOLBAC )";MAT. PERMANENTE;UNIDADE;45
979;APONTADOR C/ DEP RETANGULAR 4C 82141000 - 6102 ( PROJETO WOLBAC );MAT. PERMANENTE;UNIDADE;5
980;MARCADOR PERM P DUPLA AZ 521 AC 96082000 - 6102 ( PROJETO WOLBAC );MAT. PERMANENTE;UNIDADE;20
981;MARCADOR PERM P DUPLA PT 520 AC 96082000 - 6102 ( PROJETO WOLBAC );MAT. PERMANENTE;UNIDADE;16
982;AVENTAL DE PVC VINIL C/ FIVELA DE AJUSTE MAICOL UNID. ( PROJETO WOLBACHIA );MAT. PERMANENTE;UNIDADE;60
983;FITA DUREX TIPO ROLOS DE 18 MM X 100 M ( PROJETO WOLBAC );MAT. PERMANENTE;UNIDADE;-10
984;ORGANIZADOR FLEX 20 LITROS SANREMO 19X48X33 - 1X1 ( PROJETO WOLBAC );MAT. PERMANENTE;UNIDADE;27
985;"ORGANIZADOR TOP STOCK 56,1 LITROS SANREMO 975 - 1X1 ( PROJETO WOLBAC )";MAT. PERMANENTE;UNIDADE;12
986;"MELOXICAM ANTINFLAMATÓRIO INJ. 0,2% FRASC.20ml.";MEDICAÇÃO VETERINÁRIA;UNIDADE;30
987;PANFLETOS DA WOLBACHIA ( PROJETO WOLBACHIA );MAT. PERMANENTE;UNIDADE;0
988;CARTAZ WOLBACHIA ( PROJETO WOLBACHIA );MAT. PERMANENTE;UNIDADE;111
989;GELOX;MAT. PERMANENTE;UNIDADE;11
;CAIXA DE ISOPOR GRANDE;MAT. PERMANENTE;UNIDADE;4
;PAPEL TOALHA EM ROLO DE - 500 METROS;HIGIENIZAÇÃO/LIMPESA;UNIDADE;1
;PULVERIZADOR DE COMPRESSÃO PRÉVIA IK VECTOR 11.5 LITROS ( TOMBO DE 116.166.525 );MAT. PERMANENTE;UNIDADE;
;NEBULIZADOR COSTAL PORTÁTIL - 6 LITROS (TOMBO DE 116.176..908 A 116.196.902);MAT. PERMANENTE;UNIDADE;
